Gads;Autori;Nosaukums;Apakšnosaukums;ISBN numurs;Izdošanas vieta;Izdevēja nosaukums/ Augstskola;Zinātņu nozare
2017;Narica, Pāvels;Hroma-niķeļa tērauda virsmas krāsainās lāzermarķēšanas procesa optimizācija;promocijas darba kopsavilkums fizikas doktora (Dr.phys.) zinātniskā grāda iegūšanai;9789984442037;Daugavpils;Daugavpils Universitāte;Fizika
2017;Mihailova, Irēna;Telpā orientētu cinka oksīda nanostruktūru sintēze;promocijas darba kopsavilkums fizikas doktora (DR. Phys.) zinātniska grāda iegūšanai;9789984148076;Daugavpils;Daugavpils Universitāte;Fizika
2017;Sokolova, Inga;Pašrūpes vidusskolēnu pašaudzināšanas diskursa izkopšanā;promocijas darba kopsavilkums pedagoģijas doktora (Dr.paed.) zinātniskā grāda iegūšanai (apakšnozare: skolas pedagoģija);9789984147925;Daugavpils;Daugavpils Universitāte;Pedagoģija
2017;Lavrenova, Ļubova;Venjamina Kaverina daiļrades agrīnā posma romānu struktūra un semantika;promocijas darba kopsavilkums filoloģijas doktora (Dr. philol.) zinātniskā grāda iegūšanai (literatūras nozarē, cittautu literatūras vēstures apakšnozarē);9789984148069;Daugavpils;Daugavpils Universitāte;Filoloģija
2017;Prokofjeva, Valentīna;Uladzimira Karatkeviča romāna Хрыстос прызямлiўся ў Гароднi mākslinieciskā pasaule;promocijas darba kopsavilkums filoloģijas doktora (Dr. philol.) zinātniskā grāda iegūšanai (literatūrzinātnes nozarē, cittautu literatūras vēstures apakšnozarē);9789984147987;Daugavpils;Daugavpils Universitāte;Filoloģija
2017;Murašovs, Vladimirs;Latvijas iedzīvotāju attieksme pret bēgļiem;promocijas darba kopsavilkums psiholoģijas doktora (Dr.psych.) zinātniskā grāda iegūšanai (apakšnozare: sociālā psiholoģija);9789984148045;Daugavpils;Daugavpils Universitāte;Psiholoģija
2017;Aleksejeva, Nadežda;Parasto diferenciālvienādojumu rezonantas robežproblēmas;promocijas darba kopsavilkums matemātikas doktora zinātniskā grāda iegūšanai apakšnozarē - diferenciālvienādojumi;9789984148113;Daugavpils;Daugavpils Universitāte;Matemātika
2017;Sergejevs, Jevgeņijs;Latvijas uzņēmumu finansiālā stāvokļa ekspresvērtējuma modeļu izstrāde finanšu pārskatu lietotāju grupām;"promocijas darba kopsavilkums ekonomikas doktora Dr. oec.) zinātniskā grāda iegūšanai apakšnozarē ""Finanses un kredīts""";9789984148106;Daugavpils;Daugavpils Universitāte;Ekonomika
2017;Kovaļčuks, Aleksandrs;Vistu olu eļļas ieguve un kvalitāte;promocijas darba kopsavilkums;;Jelgava;Latvijas Lauksaimniecības universitāte;Inženierzinātne
2017;Ķirse, Asnate;Effect of advanced processing methods on the quality of pulse spreads during shelf-life;summary of the doctoral dissertation for the scientific degree of Dr.sc.ing.;;Jelgava;Latvijas Lauksaimniecības universitāte;Inženierzinātne
2017;Tokareva, Tatjana ;Pārtikas izšķērdēšana Latvijas mājsaimniecībās ēšanas paradumu kontekstā;promocijas darba kopsavilkums ekonomikas doktora (Dr.oec.) zinātniskā grāda iegūšanai;9789984482637;Jelgava;Latvijas Lauksaimniecības universitāte;Ekonomika
2017;Rācene, Anita;Karjeras attīstība sievietēm profesionālās krīzes situācijās mūžizglītības kontekstā;promocijas darba kopsavilkums;;Jelgava;Latvijas Lauksaimniecības universitāte;Pedagoģija
2017;Ābele, Andis ;Apses (Populus tremula L.) koksnes garenzāģēšanas zāģripu griežņu nodilums un tā prognozēšana;promocijas darba kopsavilkums (Dr. sc. ing.) zinātniskā grāda iegūšanai;9789984482668;Jelgava;Latvijas Lauksaimniecības universitāte;Inženierzinātne
2017;Strauta, Liene;Pākšaugi ekstrudētu pārtikas produktu ieguvei;promocijas darba kopsavilkums Dr.sc.ing. zinātniskā grāda iegūšanai;;Jelgava;Latvijas Lauksaimniecības universitāte;Inženierzinātne
2017;Prieciņa, Līga;Evaluation of biologically active compounds in fresh and dried vegetables and spices;summary of the doctoral dissertation for the scientific degree of Dr.sc.ing.;;Jelgava;Latvijas Lauksaimniecības universitāte;Inženierzinātne
2017;Kalniņa, Solvita;Latvijā audzētu graudaugu piemērotība pilngraudu makaronu ražošanai;promocijas darba kopsavilkums Dr.sc.ing. zinātniskā grāda iegūšanai;;Jelgava;Latvijas Lauksaimniecības universitāte;Inženierzinātne
2017;Judrups, Jānis;Mācību un kompetenču pārvaldības risinājuma izstrāde;promocijas darba kopsavilkums Dr.sc.ing. zinātniskā grāda iegūšanai;;Jelgava;Latvijas Lauksaimniecības universitāte;Inženierzinātne
2017;Vanags, Mikus;Abstract Data Processing Technologies;summary of the doctoral thesis for the scientific degree of Dr. sc. ing.;;Jelgava;Latvijas Lauksaimniecības universitāte;Informāciju tehnoloģijas
2017;Vanags, Mikus;Abstraktas datu apstrādes tehnoloģijas;promocijas darba kopsavilkums inženierzinātņu doktora (Dr. sc. ing.) zinātniskā grāda iegūšanai informācijas tehnoloģijās;;Jelgava;Latvijas Lauksaimniecības universitāte;Informāciju tehnoloģijas
2017;Komass, Toms;Vertikālās ass vēja rotora energoefektivitātes uzlabošana ar spārnu leņķa aktīvo regulēšanu;promocijas darba kopsavilkums Dr. sc. ing. zinātniskā grāda iegūšanai;;Jelgava;Latvijas Lauksaimniecības universitāte;Inženierzinātne
2017;Zeps, Mārtiņš;Apšu hibrīdu (Populus tremuloides Michx x Populus tremula L.) audzēšanas potenciāls Latvijā;promocijas darba kopsavilkums Dr. silv. zinātniskā grāda iegūšanai;;Jelgava;Latvijas Lauksaimniecības universitāte;Mežzinātne
2017;Laiveniece, Laura;Paaugstināta mitruma koksnes saistīšanās spējas ar vienkomponenta poliuretāna līmēm prognozēšana;promocijas darba kopsavilkums (Dr. sc. ing.) zinātniskā grāda iegūšanai;9789984482682;Jelgava;Latvijas Lauksaimniecības universitāte;Inženierzinātne
2017;Liepa, Līga;Malas efekta ietekme uz veģetāciju melnalkšņa mežos Zemgalē;promocijas darba kopsavilkums Dr.silv. zinātniskā grāda iegūšanai;;Jelgava;Latvijas Lauksaimniecības universitāte;Mežzinātne
2017;Balodis, Oskars;Agroekoloģisko faktoru ietekme uz ziemas rapša  (Brassica napus L.) augšanu un attīstību;promocijas darba kopsavilkums;9789984482736;Jelgava;Latvijas Lauksaimniecības universitāte;Lauksaimniecība
2017;Kačanova, Baiba;Leksikas lingvodidaktiskais saturs angļu valodas kā svešvalodas mācībā Latvijā;promocijas darba kopsavilkums;9789934569036;Liepāja;Liepājas Universitāte;Filoloģija
2017;Bēta, Gunta;Māsu profesionālā lietpratība pacientu izglītošanas procesā;promocijas darba kopsavilkums doktora grāda iegūšanai pedagoģijā, apakšnozare: pieaugušo pedagoģija;9789934569050;Liepāja;Liepājas Universitāte;Pedagoģija
2017;Indriksons, Alens;Komunikācijas prasmes veidošanās robežsargu profesionālajā sagatavošanā;promocijas darba kopsavilkums;9789984441986;Rēzekne;Rēzeknes Tehnoloģiju akadēmija;Pedagoģija
2017;Zarembo, Imants ;Konceptuālo un relāciju datu modeļu savietojamības noteikšanas metodoloģija;promocijas darba kopsavilkums inženierzinātņu doktora (Dr.sc.ing.) zinātniskā grāda iegūšanai informācijas tehnoloģijas nozarē, sistēmu analīzes, modelēšanas un projektēšanas apakšnozarē;9789984442068;Rēzekne;Rēzeknes Tehnoloģiju akadēmija;Inženierzinātne
2017;Irchaev, Anvar;Uzbekistānas mājsaimniecību ietaupījumu plānošana;promocijas darba kopsavilkums;9789984471426;Rīga;BALTIJAS STARPTAUTISKĀ AKADĒMIJA;Ekonomika
2017;Kaļiņina, Kristīne;Marketinga pieeju un risinājumu pielietojums ārzemju studentu integrācijas iespēju uzlabošanai;promocijas darba kopsavilkums ekonomikas doktora (Dr.oec.) zinātniskā grāda iegūšanai;9789984471464;Rīga;BALTIJAS STARPTAUTISKĀ AKADĒMIJA;Ekonomika
2017;Rapoports, Maksims;Mārketinga komunikācijas kompleksa izmantošanas neformālās izglītības jomā (autoskolas pakalpojumi) analīze;promocijas darba kopsavilkums;9789984471471;Rīga;BALTIJAS STARPTAUTISKĀ AKADĒMIJA;Ekonomika
2017;Arefjevs, Iļja;Aliansē ar bankām ietilpstošo pensiju līdzekļu pārvaldītāju darbības efektivitātes novērtējums;promocijas darba kopsavilkums, nozare: vadībzinātne, apakšnozare: uzņēmējdarbības vadība;9789934182327;Rīga;Banku augstskola;Vadībzinātnes
2017;Barbars, Artūrs;Organizācijas kultūras ietekme uz darbinieku iesaistīšanos: informācijas un komunikācijas tehnoloģiju nozares uzņēmumu piemērs;promocijas darba kopsavilkums;9789984746227;Rīga;Banku augstskola;Vadībzinātnes
2017;Liniņa, Iveta;Attiecību ar patērētājiem vadības sistēmas ieviešana un lietošana Baltijas valstu mazumtirdzniecības uzņēmumos;promocijas darba kopsavilkums doktora grāda iegūšanai vadībzinātnes nozarē, uzņēmējdarbības vadības apakšnozarē;;Rīga;Biznesa augstskola Turība;Vadībzinātnes
2017;Liniņa, Iveta;Introduction and Use of System for Managing Customer Relationships in Baltic Retail Enterprises;synopsis of the doctoral thesis for a doctor's degree in management science, sub branch - business administration;;Rīga;Biznesa augstskola Turība;Vadībzinātnes
2017;Nemeikšis, Giedrius;The Legal Regulation of the Bank Guarantee in Lithuanian Law;synopsis of the doctoral thesis thesis for award of doctoral degree in the branch of law science, sub branch civil law;;Rīga;Biznesa augstskola Turība;Juridiskās zinātnes
2017;Nemeikšis, Giedrius;Bankas garantijas tiesiskais regulējums Lietuvā;promocijas darba kopsavilkums;;Rīga;Biznesa augstskola Turība;Juridiskās zinātnes
2017;Barševska, Zeltīte;Etnicitātes reprezentācijas tradicionālajā mākslā. Latgaliešu un Latgales vecticībnieku 20. gs. rotāto dvieļu piemērs;promocijas darba kopsavilkums doktora grāda iegūšanai mākslas nozarē (kultūras teorijas apakšnozarē);;Rīga;Latvijas Kultūras akadēmija;Māksla
2017;Gollner, Jürgen Alexander;Impact of key users' motivation on enterprise resource planning (ERP) implementation project success;summary of doctoral thesis;9789934181993;Rīga;Latvijas Universitāte;Vadībzinātnes
2017;Michelberger, Knut J.;Impact of corporate governance on firm performance and total shareholder return of German listed companies;summary of doctoral thesis;9789934182150;Rīga;Latvijas Universitāte;Vadībzinātnes
2017;Purviņš, Māris;Mācību sasniegumus ietekmējošie faktori Latvijas vispārizglītojošās skolās;promocijas darba kopsavilkums;9789934556210;Rīga;Latvijas Universitāte;Vadībzinātnes
2017;Namniece, Jana;Lunasīna izplatība graudaugu šķirnēs un līnijās un farmakoloģiskais raksturojums;promocijas darba kopsavilkums doktora grāda iegūšanai farmācijas nozarē, apakšnozare: farmakognozija;9789934182266;Rīga;Latvijas Universitāte;Farmācija
2017;Namniece, Jana;Presence of lunasin in crop varieties and lines and pharmacological characteristics of lunasil;summary of doctoral thesis submitted for the degree of doctor of pharmacy, subfield of pharmacognosty;9789934182297;Rīga;Latvijas Universitāte;Farmācija
2017;Jēkabsone, Inga;Rīgu pavadošo administratīvo teritoriju pārvaldība labklājības uzlabošanai;promocijas darba kopsavilkums;9789934182167;Rīga;Latvijas Universitāte;Farmācija
2017;Ruciņš, Mārtiņš;Farmakoforas grupas saturošu 1,4-dihidropiridīna atvasinājumu dizains un to farmakoloģiskās darbības spektra noteikšana;promocijas darba kopsavilkums doktora grāda iegūšanai farmācijas nozarē, apakšnozare: farmācijas ķīmija;9789934182259;Rīga;Latvijas Universitāte;Farmācija
2017;Šavlovskis, Jānis;Morfoloģiskās izmaiņas vēdera aortas aneirismas proksimālajā kakliņā pēc vēdera aortas infrarenālās aneirismas endovaskulārās ārstēšanas ar balondilatējamo aneirismas maisā fiksēto stenta protēzi;promocijas darba kopsavilkums doktora grāda iegūšanai medicīnas nozarē, apakšnozare: radioloģija;9789934182273;Rīga;Latvijas Universitāte;Medicīna
2017;Savlovskis Janis;The morphological changes within the aortic proximal neck after abdominal aortic aneurysm endovascular treatment using the balloonexpandable aneurysmal sac-anchoring endoprothesis;summary of doctoral thesis submitted for the degree of doctor of medicine, subfield of radiology;9789934182280;Rīga;Latvijas Universitāte;Medicīna
2017;Putāns, Romāns;Klientorientētas pieejas nozīme valsts pārvaldes attīstībā: jaunatnes gadījuma izpēte;promocijas darba kopsavilkums doktora grāda iegūšanai vadības zinātnē, apakšnozare: sabiedrības vadība;9789934181849;Rīga;Latvijas Universitāte;Vadībzinātnes
2017;Stariņeca, Olga;Holistiskā pieeja cilvēkresursu atlasei valsts pārvaldes organizācijās Latvijā;promocijas darba kopsavilkums doktora grāda iegūšanai vadzinības nozarē, apakšnozare: sabiedrības vadība;9789934182204;Rīga;Latvijas Universitāte;Vadībzinātnes
2017;Zorina, Nataļja;Spektrāllīniju profilu analīze zemtemperatūras plazmā, risinot apgriezto nekorekto problēmu;promocijas darba kopsavilkums doktora grāda iegūšanai fizikas nozarē, apakžnozare: teorētiskā fizika;9789934182228;Rīga;Latvijas Universitāte;Fizika
2017;Zorina, Natalja;Analysis of spectral line shapes in low-temperature plasma by means of inverse ill-posed problem solution;summary of doctoral thesis submitted for the degree of doctor of physics, subfield: theoretical physics;9789934182211;Rīga;Latvijas Universitāte;Fizika
2017;Sedlova, Zane;Tiesību aizsardzības līdzekļi jautājuma prejudiciālā nolēmuma pieņemšanai neuzdošanas gadījumā;promocijas darba kopsavilkums doktora grāda iegūšanai juridiskajā zinātnē, apakšnozare: starptautiskās tiesības;9789934182105;Rīga;Latvijas Universitāte;Juridiskās zinātnes
2017;Löschenbrand, Bernd;A Multidimensional Approach Towards a Corporate Marketing System for Business Performance;summary of doctoral thesis submitted for the doctoral degree in management science (Dr.sc.admin.), subfield of business management;9789934182341;Rīga;Latvijas Universitāte;Vadībzinātnes
2017;Širmane, Liāna;Nanostrukturētu komplekso oksīdu luminoforu vakuuma ultravioletas ierosmes spektroskopija;promocijas darba kopsavilkums doktora grāda iegūšanai fizikas nozare, apakšnozare: cietvielu fizika;9789934182235;Rīga;Latvijas Universitāte;Fizika
2017;Širmane, Liāna;Vacuum Ultraviolet Excitation Spectroscopy of Nanostructured Complex Oxide Phosphors;summary of doctoral thesis submitted for a doctoral degree in physics, subfield of solid state physics;9789934182242;Rīga;Latvijas Universitāte;Fizika
2017;Dundure, Ināra;Nosacīto noteikto iemaksu (NDC) vecuma pensiju shēmas pilnveidošana vecuma pensiju ilgtspējas nodrošināšanai;promocijas darba kopsavilkums doktora grāda iegūšanai vadībzinātnes nozarē, apakšnozare: sabiedrības vadība;9789934182310;Rīga;Latvijas Universitāte;Vadībzinātnes
2017;Putāne, Vija;Kuģa vraka aizvākšanas tiesības zemūdens kultūras mantojuma aizsardzības kontekstā;promocijas darba kopsavilkums doktora grāda iegūšanai juridisko zinātņu nozarē, apakšnozare - starptautiskās tiesības;;Rīga;Latvijas Universitāte;Juridiskās zinātnes
2017;Putāne, Vija;The ship wreck removal law within the context of underwater cultural heritage protection;summary of the promotion thesis for the obtainment of a doctor's degree in legal science, subcategory - international law;;Rīga;Latvijas Universitāte;Juridiskās zinātnes
2017;Spura, Jana;Furil(tienil)silāna un -germāna atvasinājumu sintēze, struktūra, ķīmiskās un bioloģiskās īpašības;promocijas darba kopsavilkums doktora grāda iegūšanai ķīmijas nozarē, apakšnozare: organiskā ķīmija;;Rīga;Latvijas Universitāte;Ķīmija
2017;Spura, Jana;Synthesis, Structure, Chemical and Biological Properties of Furyl(Thienyl)silane and -Germane Derivatives;summary of doctoral thesis submitted for the degree of doctor of chemistry, subfield: organic chemistry;;Rīga;Latvijas Universitāte;Ķīmija
2017;Vorslova, Svetlana;Solvātu sorbcijas modeļa efektivitātes izpēte gradienta režīmā apgrieztās fāzes šķidruma hromatogrāfijas metodes izstrādei un optimizācijai;promocijas darba kopsavilkums doktora grāda iegūšanai ķīmijas nozarē, apakšnozare: analītiskā ķīmija;;Rīga;Latvijas Universitāte;Ķīmija
2017;Vorslova, Svetlana;Study of Efficiency of Solvatic Sorption Model in Gradient Reversed-Phase Liquid Chromatography for Method Development and Optimization;summary of doctoral thesis submitted for the degree of doctor of chemistry, subfield of analytical chemistry;;Rīga;Latvijas Universitāte;Ķīmija
2017;Dahs, Aleksandrs;Sociāli ekonomisko faktoru un reģionālās politikas loma Latvijas demogrāfiskajā attīstībā;promocijas darba kopsavilkums Doktora grāda iegūšanai Demogrāfijas nozarē, apakšnozare: sociāli ekonomiskā demogrāfija;9789934182471;Rīga;Latvijas Universitāte;Demogrāfija
2017;Kuļešovs, Ivans;Mobile Applications Testing;summary of Doctoral Thesis submitted for the degree of doctor of computer science, subfield of software engineering;;Rīga;Latvijas Universitāte;Datorzinātne
2017;Kuļešovs, Ivans;Mobilo lietotņu testēšana;promocijas darba kopsavilkums doktora zinātniskā grāda iegūšanai datorzinātnes nozares programmatūras inženierijas apakšnozarē;;Rīga;Latvijas Universitāte;Datorzinātne
2017;Bankovičs, Arnis;Topošo kuģu vadītāju netehnisko prasmju apguves process jūrniecības augstskolā;Promocijas darba kopsavilkums doktora grāda iegūšanai pedagoģijas nozarē, apakšnozare: augstskolas pedagoģijas;9789934846885;Rīga;Latvijas Universitāte;Pedagoģija
2017;Birziņa, Estere;Mātes un bērna mijiedarbības un pirmsskolas vecuma bērnu eksternalizēto uzvedības problēmu izmaiņas Marte Meo terapijas laikā;promocijas darba kopsavilkums Doktora grāda iegūšanai psiholoģijas nozarē, apakšnozare: klīniskā psiholoģija;;Rīga;Latvijas Universitāte;Psiholoģija
2017;Štefenhagena, Dita ;Uz rezultātu orientētu vadīšanas pieeju izmantošana augstskolās Latvijā;promocijas darba kopsavilkums doktora grāda iegūšanai vadībzinātnes nozarē, apakšnozare: izglītības vadība;9789934556241;Rīga;Latvijas Universitāte;Vadībzinātnes
2017;Kubilis, Jānis;Main Areas of Modernising Tort Law in Latvia;summary of doctoral thesis, in the subfield of civil law;9789934182129;Rīga;Latvijas Universitāte;Juridiskās zinātnes
2017;Kubilis, Jānis;Latvijas deliktu tiesību modernizācijas galvenie virzieni;promocijas darba kopsavilkums juridisko zinātņu doktora grāda iegūšanai civiltiesību apakšnozarē;9789934182112;Rīga;Latvijas Universitāte;Juridiskās zinātnes
2017;Locāns, Uldis;Nākotnes procesoru arhitektūru pielietojums precīzu daļiņu paātrinātāju modelēšanā;promocijas darba kopsavilkums doktora grāda iegūšanai datorikas nozarē, apakšnozare: programmēšanas valodas un sistēmas;;Rīga;Latvijas Universitāte;Datorzinātne
2017;Locāns, Uldis;Future Processor Hardware Architectures for the Benefit of Precise Particle Accelerator Modeling;summary of doctoral thesis submitted for the degree of doctor of computer science, subfield: programming languages and systems;;Rīga;Latvijas Universitāte;Datorzinātne
2017;Strode, Evita;Baltijas jūras sedimentu ekoloģiskā kvalitāte un to potenciālā ietekme uz sānpelžu attīstību;promocijas darba kopsavilkums doktora zinātniskā grāda iegūšanai bioloģijā, apakšnozare: hidrobioloģija;;Rīga;Latvijas Universitāte;Bioloģija
2017;Kopoloveca, Nadežda;Līdera portreta radīšanas modelis latviešu un čehu politiskajā diskursā;promocijas darba kopsavilkums doktora grāda iegūšanai valodniecības nozarē, apakšnozare: vispārīgā valodniecība;9789934556258;Rīga;Latvijas Universitāte;Filoloģija
2017;Vasiljeva, Jeļena;Selēna halogenīdi kā jaunu heterociklisku savienojumu iegūšanas avots;promocijas darba kopsavilkums doktora grāda iegūšanai ķīmijas nozarē, apakšnozare: organiskā ķīmija;;Rīga;Latvijas Universitāte;Ķīmija
2017;Vasiljeva, Jelena;Selenium Halides as a Source for the Preparation of New Heterocyclic Compounds;summary of doctoral thesis submitted for the degree of doctor of chemistry, subfield of organic chemistry;;Rīga;Latvijas Universitāte;Ķīmija
2017;Sokolovs, Igors;(Hetero)aromātisko savienojumu C-H funkcionalizēšana;promocijas darba kopsavilkums doktora grāda iegūšanai ķīmijas nozarē, apakšnozare: orgāniskā ķīmija;;Rīga;Latvijas Universitāte;Ķīmija
2017;Sokolovs, Igors;C-H Functionalization of (Hetero)arenes;summary of doctoral thesis submitted for the degree of doctor of chemistry, subfield of organic chemistry;;Rīga;Latvijas Universitāte;Ķīmija
2017;Špaks, Artjoms;CXC grupas hemokīni kā nesīkšūnu plaušu vēža biomarķieri;promocijas darba kopsavilkums doktora grāda iegūšanai medicīnas nozarē, apakšnozare: ķirurģija;9789934182938;Rīga;Latvijas Universitāte;Medicīna
2017;Buttenberg, Katharina;Customer-Oriented and Brand-Oriented Capabilities of Young Firms;summary of doctoral thesis submitted for the doctoral degree in management science, subfield of business management;9789934182761;Rīga;Latvijas Universitāte;Vadībzinātnes
2017;Schwerd, Stefan;The Impact of Information-Risk-Management on Strategic Decision-Making Improvements;summary of doctoral thesis submitted for the doctoral degree in management science (Dr. sc. admin.), subfield of business management;9789934182723;Rīga;Latvijas Universitāte;Vadībzinātnes
2017;Sedlmayr, Lydia;Leadership Styles and Access of Women to Top Level Business Positions;summary of doctoral thesis submitted for the doctoral degree in management science, subfield of bisiness management and economic;9789934182730;Rīga;Latvijas Universitāte;Vadībzinātnes
2017;Paikens, Pēteris;Rīku kopa latviešu valodas semantikas analīzei;promocijas darba kopsavilkums datorzinātņu doktora (Dr. sc. comp.) zinātniskā grāda iegūšanai, apakšnozare: datoru un sistēmu programmatūra;9789934182822;Rīga;Latvijas Universitāte;Datorzinātne
2017;Smeltere, Ligita;Esenciālais tremors Latvijā: ģenētiskā un klīniskā izpēte;promocijas darba kopsavilkums doktora grāda iegūšanai medicīnas nozarē, apakšnozare: neiroloģija;9789934182914;Rīga;Latvijas Universitāte;Medicīna
2017;Smeltere, Ligita;Essential Tremor in Latvia: Genetic and Clinical Study;summary of doctoral thesis submitted for the degree of doctor of medicine, subfield of neurology;9789934183010;Rīga;Latvijas Universitāte;Medicīna
2017;Lipovskis, Stefans Fēlikss Jans;Pašregulācijas pilnveidošanās pedagoģiskie līdzekļi pašorganizējošās IT grupās;promocijas darba kopsavilkums doktora zinātniskā grāda iegūšanai pedagoģijā, apakšnozare: pieaugušo pedagoģija;9789934503436;Rīga;Rīgas Pedagoģijas un izglītības vadības akadēmija;Pedagoģija
2017;Kalniņa, Renāte ;Pētnieciskās prasmes pilnveidošanās ķīmijas mācīšanās procesā jūrniecības izglītībā;promocijas darba kopsavilkums doktora zinātniskā grāda iegūšanai pedagoģijā, apakšnozare: augstskolas pedagoģija;9789934503429;Rīga;Rīgas Pedagoģijas un izglītības vadības akadēmija;Pedagoģija
2017;Lemešonoka, Inta;Skolēna karjeras vadības prasmju veidošanās vispārizglītojošās skolas pedagoģiskajā procesā;promocijas darba kopsavilkums doktora zinātniskā grāda iegūšanai pedagoģijā, apakšnozare: skolas pedagoģija;9789934182549;Rīga;Rīgas Pedagoģijas un izglītības vadības akadēmija;Pedagoģija
2017;Kadiķe, Kristīne;Zobu anomālijas un mutes veselība bērniem ar iedzimtām nesindromālām šķeltnēm un to saistība ar ģenētiskajām izmaiņām Latvijas populācijā;promocijas darba kopsavilkums medicīnas doktora zinātniskā grāda iegūšanai, specialitāte - zobārstniecība;;Rīga;Rīgas Stradiņa universitāte;Medicīna
2017;Kadiķe, Kristīne;Dental anomalies and oral health in children with nonsyndromic clefts in Latvian population and their association with genetic changes;summary of doctoral thesis for obtaining the degree of a doctor of medicine, speciality - dentistry;;Rīga;Rīgas Stradiņa universitāte;Medicīna
2017;Kalniņa, Jūlija;Ozona pielietošana kariesa profilaksē un ārstēšanā pastāvīgiem zobiem;promocijas darba kopsavilkums medicīnās doktora zinātniskā grāda iegūšanai, specialitāte - zobārstniecība;;Rīga;Rīgas Stradiņa universitāte;Medicīna
2017;Kalniņa, Jūlija;Ozone therapy in prevention and treatment of in caries in permanent teeth;summary of doctoral thesis for obtaining the degree of a doctor of medicine, speciality - dentistry;;Rīga;Rīgas Stradiņa universitāte;Medicīna
2017;Pešudovs, Andris;Bezstrīdus piespiedu izpildīšanas teorētiskās un praktiskās problēmas ar publisku ķīlu nodrošinātās saistībās;promocijas darba kopsavilkums tiesību doktora zinātniskā grāda iegūšanai, specialitāte - juridikās zinātnes, apakšnozare - civilprocesa tiesības;;Rīga;Rīgas Stradiņa universitāte;Tiesību zinātne
2017;Pešudovs, Andris;Theoretical and practical problems of undisputed enforcement of obligations which are secured with public pledge;summary of doctoral thesis for obtaining the degree of doctor of law, specialisation - law, subfield - civil procedure law;;Rīga;Rīgas Stradiņa universitāte;Tiesību zinātne
2017;Plonis, Juris;Prostatas vēža epidemioloģisko pamatrādītāju un ģenētisko pazīmju analīze Latvijā;promocijas darba kopsavilkums medicīnas doktora zinātniskā grāda iegūšanai, specialitāte - ķirurģija;;Rīga;Rīgas Stradiņa universitāte;Medicīna
2017;Plonis, Juris;The analysis of basic epidemiology and genetic characteristics of prostate cancer in Latvia;summary of doctoral thesis for obtaining the degree of doctor of medicine, speciality - surgery;;Rīga;Rīgas Stradiņa universitāte;Medicīna
2017;Jubele, Kristīne;Patoloģiskās elektrokardiogrāfiskās atrades biežums un elektrokardiogrāfiskā skrīninga nozīme pirmās klases skolēnu populācijā Latvijā;promocijas darba kopsavilkums medicīnas doktora zinātniskā grāda iegūšanai, specialitāte - kardioloģija;;Rīga;Rīgas Stradiņa universitāte;Medicīna
2017;Jubele, Kristīne;Frequency of pathological electrocardiographic findings and the role of electrocardiographic screening in the first form pupil population in Latvia;summary of the doctoral thesis for obtaining the degree of a doctor of medicine, speciality - cardiology;;Rīga;Rīgas Stradiņa universitāte;Medicīna
2017;Gardovska, Katrīna;Košanas muskuļu un apakšžokļa morfoloģiskās īpatnības 3D attēlā pacientiem ar dentofaciāliālām deformācijām;promocijas darba kopsavilkums medicīnas doktora zinātniskā grāda iegūšanai, specialitāte - ortodontija;;Rīga;Rīgas Stradiņa universitāte;Medicīna
2017;Gardovska, Katrīna;Morphology of the masticatory muscles and the mandible in a 3D image of patients with dentofacial deformities;summary of the doctoral thesis for obtaining the degree of a doctor of medicine, speciality - orthodontics;;Rīga;Rīgas Stradiņa universitāte;Medicīna
2017;Kroniņa, Līga;Bērnu bailes un trauksme zobārstniecībā un to saistība ar mutes veselību un psihosociālajiem faktoriem;promocijas darba kopsavilkums medicīnas doktora zinātniskā grāda iegūšanai, specialitāte - zobārstniecība;;Rīga;Rīgas Stradiņa universitāte;Medicīna
2017;Kroniņa, Līga;Correlation of the children's dental fear and anxiety with oral health and psychosocial factors;summary of the doctoral thesis for obtaining the degree of a doctor of medicine, speciality - dentistry;;Rīga;Rīgas Stradiņa universitāte;Medicīna
2017;Neilands, Rolands;Hipotēkas institūts un tā pilnveidošanas iespējas Latvijas tiesībās;promocijas darba kopsavilkums tiesību doktora zinātniskā grāda iegūšanai, apakšnozare - civiltiesības;;Rīga;Rīgas Stradiņa universitāte;Tiesību zinātne
2017;Neilands, Rolands;Mortgage institution and possibilities of improvement thereof in the Latvian law;summary of the doctoral thesis for obtaining the degree of a doctor of law, subsection - civil law;;Rīga;Rīgas Stradiņa universitāte;Juridiskās zinātnes
2017;Ažiņa, Inga;The Immunogenetic Aspects of HIV-Associated Tuberculosis;summary of the doctoral thesis for obtaining the degree of a doctor of medicine;;Rīga;Rīgas Stradiņa universitāte;Medicīna
2017;Ažiņa, Inga;HIV asociētās tuberkulozes imunoģenētiskie aspekti;promocijas darba kopsavilkums medicīnas doktora zinātniskā grāda iegūšanai, specialitāte - infektoloģija;;Rīga;Rīgas Stradiņa universitāte;Medicīna
2017;Vilks, Arnis;Vispārējās un reģionālās anestēzijas saistība ar beta-herpesvīrusu aktivāciju un imunoloģiskajām izmaiņām ilgstošās mikrovaskulārās brīvā lēvera operācijās;promocijas darba kopsavilkums medicīnas doktora zinātniskā grāda iegūšanai, specialitāte - anestezioloģija un reanimatoloģija;;Rīga;Rīgas Stradiņa universitāte;Medicīna
2017;Vilks, Arnis;Relationship of General and Regional Anaesthesia with Activation Beta-Herpesviruses and Immunological Changes in Prolonged Microvascular Free Flap Surgery;summary of doctoral thesis for obtaining the degree of a doctor of medicine, speciality - anaesthesiology and intensive care;;Rīga;Rīgas Stradiņa universitāte;Medicīna
2017;Spriņģe, Lauma;Vardarbības izraisītie veselības traucējumi bērniem un jauniešiem Latvijā;promocijas darba kopsavilkums medicīnas doktora zinātniskā grāda iegūšanai, specialitāte - sabiedrības veselība un epidemioloģija;;Rīga;Rīgas Stradiņa universitāte;Medicīna
2017;Spriņģe, Lauma;Health Problems Caused by Violence in Children and Young Adults in Latvia;summary of Doctoral Thesis for obtaining the degree of a doctor of medicine, speciality - public health and epidemiology;;Rīga;Rīgas Stradiņa universitāte;Medicīna
2017;Vāvers, Edijs;E1R: Jauns pozitīvs allostēriskais Sigma-1 receptora modulators;promocijas darba kopsavilkums farmācijas doktora zinātniskā grāda iegūšanai, specialitāte - farmaceitiskā farmakoloģija;;Rīga;Rīgas Stradiņa universitāte;Farmācija
2017;Vāvers, Edijs;Discovery of E1R: A Novel Positive Allosteric Modulator of Sigma-1 Receptor;summary of the doctoral thesis for obtaining the degree of a doctor of pharmacy, speciality - pharmaceutical pharmacology;;Rīga;Rīgas Stradiņa universitāte;Farmācija
2017;Rasa, Santa;Persistentu vīrusu infekciju saistība ar mialģisko encefalomielītu/hroniskā noguruma sindromu;promocijas darba kopsavilkums medicīnas doktora zinātniskā grāda iegūšanai, specialitāte - mikrobioloģija un virusoloģija;;Rīga;Rīgas Stradiņa universitāte;Medicīna
2017;Rasa, Santa;Association of Persistent Viral Infections With Myalgic Encephalomyelitis/Chronic Fatigue Syndrome;summary of the doctoral thesis for obtaining the degree of a doctor of medicine, speciality - microbiology and virology;;Rīga;Rīgas Stradiņa universitāte;Medicīna
2017;Sumeraga, Gunta;Neirohumorālās inervācijas un neirogēnā iekaisuma loma deguna un aizdegunes gļotādā pacientiem ar izolētu aizdegunes tecēšanas sindromu;promocijas darba kopsavilkums medicīnas doktora zinātniskā grāda iegūšanai, specialitāte - otorinolaringoloģija;;Rīga;Rīgas Stradiņa universitāte;Medicīna
2017;Sumeraga, Gunta;The Role of Neuropeptides and Neurogenic Inflammation in the Isolated Postnasal Drip Syndrome;summary of the doctoral thesis for obtaining the degree of a doctor of medicine, speciality - otorhinolaryngology;;Rīga;Rīgas Stradiņa universitāte;Medicīna
2017;Požarskis, Anatolijs;Peculiarities of the Development and Diagnosis of Late-Onset Hypogonadism in Men in the Case of Chronic Diseases - Arterial Hypertension, Dyslipidaemia, Adiposity, Metabolic Syndrome, Type 2 Diabetes Mellitus, Chronic Obstructive Pulmonary Disease - and Combinations Thereof;summary of the doctoral thesis for obtaining the degree of a doctor of medicine, speciality - internal medicine;;Rīga;Rīgas Stradiņa universitāte;Medicīna
2017;Požarskis, Anatolijs;Vēlīnā hipogonādisma attīstības un diagnostikas īpatnības vīriešiem hronisko slimību - arteriālās hipertensijas, dislipidēmijas, adipozitātes, metaboliskā sindroma, 2. tipa cukura diabēta, hroniskas obstruktīvas plaušu slimības - un to kombināciju gadījumā;promocijas darba kopsavilkums medicīnas doktora zinātniskā grāda iegūšanai, specialitāte - internā medicīna;;Rīga;Rīgas Stradiņa universitāte;Medicīna
2017;Niedrīte, Indra;Dabasgāzes apgādes sistēmas drošuma novērtējums;promocijas darba kopsavilkums;9789934109058;Rīga;Rīgas Tehniskā universitāte;Inženierzinātne
2017;Niedrite, Indra;Assessment of natural gas supply system security;summary of the doctoral thesis;9789934109041;Rīga;Rīgas Tehniskā universitāte;Inženierzinātne
2017;Zajacs, Aleksandrs;Assessment of development scenarios of district heating systems;summary of the doctoral thesis;9789934109072;Rīga;Rīgas Tehniskā universitāte;Inženierzinātne
2017;Zajacs, Aleksandrs;Centralizēto siltumapgādes sistēmu attīstības scenāriju novērtējums;promocijas darba kopsavilkums;9789934109065;Rīga;Rīgas Tehniskā universitāte;Inženierzinātne
2017;Skrastiņš, Andris;Resursu un atļauju vadība nākošās paaudzes tīklos;promocijas darba kopsavilkums;9789934109218;Rīga;Rīgas Tehniskā universitāte;Inženierzinātne
2017;Skrastiņš, Andris;Resource and admission management in next generation networks;summary of doctoral thesis;9789934109225;Rīga;Rīgas Tehniskā universitāte;Inženierzinātne
2017;Gorbacovs, Olegs;Evaluation of professionally important qualities of aircraft maintenance personnel;summary of doctoral thesis;9789934109263;Rīga;Rīgas Tehniskā universitāte;Inženierzinātne
2017;Gorbačovs, Olegs;Aviācijas personāla svarīgāko profesionālo iemaņu novērtēšana;promocijas darba kopsavilkums;9789934109256;Rīga;Rīgas Tehniskā universitāte;Inženierzinātne
2017;Ziemele, Jeļena;Multi-perspective analysis for the transition towards 4th generation district heating;;9789934109362;Rīga;Rīgas Tehniskā universitāte;Vides zinātne
2017;Eglīte, Irina;Shallow flow stability analysis with applications in hydraulics;summary of the doctoral thesis submitted for the degree of doctor of mathematics, subfield: mathematical modelling;9789934108907;Rīga;Rīgas Tehniskā universitāte;Matemātika
2017;Lentjušenkova, Oksana;Intelektuālā kapitāla attīstība un vadība uzņēmumos Latvijā;promocijas darba kopsavilkums;9789934109331;Rīga;Rīgas Tehniskā universitāte;Vadībzinātnes
2017;Lentjušenkova, Oksana;Intellectual Capital Management and Development in Companies in Latvia;summary of the Doctoral Thesis;9789934109348;Rīga;Rīgas Tehniskā universitāte;Vadībzinātnes
2017;Zeņina, Nadežda ;Transporta pieprasījuma modeļa izstrāde ar mašīnmācīšanās un imitācijas modelēšanas metodēm;promocijas darba kopsavilkums;9789934109416;Rīga;Rīgas Tehniskā universitāte;Informāciju tehnoloģijas
2017;Zeņina, Nadežda;Transport travel demand model development based on machine learning and simulation methods;summary of the doctoral thesis;9789934109423;Rīga;Rīgas Tehniskā universitāte;Informāciju tehnoloģijas
2017;Zālīte, Vita ;Ar stronciju un fluoru aizvietota kalcija deficītā hidroksilapatīta sintēze un pielietojums zobu emaljas remineralizācijā;promocijas darba kopsavilkums;9789934109447;Rīga;Rīgas Tehniskā universitāte;Ķīmija
2017;Zālīte, Vita;Synthesis of strontium and fluorine substituted calcium deficient hydroxyapatite and application for tooth enamel remineralization;summary of the doctoral thesis;9789934109454;Rīga;Rīgas Tehniskā universitāte;Ķīmija
2017;Rēpele, Māra;Biometāna ražošanas un piegādes sistēmas ekodizains;promocijas darba kopsavilkums;9789934109461;Rīga;Rīgas Tehniskā universitāte;Vides zinātne
2017;Rēpele, Māra;Ecodesign of biomethane production and supply system;summary of the doctoral thesis;9789934109478;Rīga;Rīgas Tehniskā universitāte;Vides zinātne
2017;Rubenis, Kristaps ;Uz alvas dioksīda bāzētu materiālu iegūšana, struktūras un fizikālo īpašību pētījumi;promocijas darba kopsavilkums;9789934109485;Rīga;Rīgas Tehniskā universitāte;Ķīmija
2017;Rubenis, Kristaps;Obtaining of tin dioxide based materials, characterization of structure and physical properties;summary of the doctoral thesis;9789934109492;Rīga;Rīgas Tehniskā universitāte;Ķīmija
2017;Hudenko, Justīna ;Publiskās lietošanas dzelzceļa infrastruktūras optimālas attīstības modeļu izstrāde un pielietošana;Promocijas darba kopsavilkums;9789934109515;Rīga;Rīgas Tehniskā universitāte;Vadībzinātnes
2017;Hudenko, Justina ;Elaboration and design of public-use railway infrastructure optimal development models;Summary of the Doctoral Thesis;9789934109522;Rīga;Rīgas Tehniskā universitāte;Vadībzinātnes
2017;Šteinbergs, Kaspars ;Klastera stratēģiskais virziens un modelis audiovizuālās nozares attīstības veicināšanai Latvijā;Promocijas darba kopsavilkums, nozare: vadībzinātne, apakšnozare: uzņemējdarbības vadība;9789934109539;Rīga;Rīgas Tehniskā universitāte;Vadībzinātnes
2017;Šteinbergs, Kaspars ;Cluster Strategic Direction and Initiative Model to Facilitate the Development of the Audiovisual Sector in Latvia;summary of the doctoral thesis, field: management, subfield: business management;9789934109546;Rīga;Rīgas Tehniskā universitāte;Vadībzinātnes
2017;Ozols, Kaspars ;Asynchronous data acquisition of electroencephalogram signals;summary of the doctoral thesis;9789934109553;Rīga;Rīgas Tehniskā universitāte;Inženierzinātne
2017;Ozols, Kaspars ;Elektroencefalogrammas signālu asinhrona datu ieguve;promocijas darba kopsavilkums;9789934109560;Rīga;Rīgas Tehniskā universitāte;Inženierzinātne
2017;Neščerecka, Alīna ;Bioloģiskā stabilitāte hlorētos dzeramā ūdens sadales tīklos;promocijas darba kopsavilkums;9789934109577;Rīga;Rīgas Tehniskā universitāte;Inženierzinātne
2017;Neščerecka, Alīna ;Biological Stability in Chlorinated Drinking Water Distribution Networks;Summary of the Doctoral Thesis;9789934109584;Rīga;Rīgas Tehniskā universitāte;Inženierzinātne
2017;Litviņenko, Anna ;Haotisko secību pielietojums datu pārraides sistēmās;Promocijas darba kopsavilkums;9789934109591;Rīga;Rīgas Tehniskā universitāte;Inženierzinātne
2017;Litvinenko, Anna ;Use of Chaotic Sequnces for Data Transmission Systems;summary of the doctoral thesis;9789934109607;Rīga;Rīgas Tehniskā universitāte;Inženierzinātne
2017;Šustere, Zane ;Rapšu eļļas interesterifikācijas reakciju pētījumi. Studies of rapeseed oil interesterification reactions;promocijas darba kopsavilkums;9789934109614;Rīga;Rīgas Tehniskā universitāte;Ķīmija
2017;Lancere, Linda ;Virsmas slapināšanas regulēšanas metode ar ultravioleto starojumu polimetilmetakrilāta acu protēzēm;promocijas darba kopsavilkums;9789934109645;Rīga;Rīgas Tehniskā universitāte;Mašīnzinātne
2017;Lancere, Linda ;Method for regulation of polymethyl methacrylate eye prosthesis wettability by using ultraviolet radiation;summary of the doctoral thesis;9789934109652;Rīga;Rīgas Tehniskā universitāte;Mašīnzinātne
2017;Plūduma, Liene ;Hydroxyl Ion Quantification in Hydroxyapatite and the Effect on the Biological Response;summary of the doctoral thesis;9789934109751;Rīga;Rīgas Tehniskā universitāte;Inženierzinātne
2017;Plūduma, Liene;Hidroksiljonu daudzuma noteikšana hidroksilapatītā un to ietekme uz šūnu atbildes reakciju;promocijas darba kopsavilkums;9789934109768;Rīga;Rīgas Tehniskā universitāte;Inženierzinātne
2017;Timma, Lelde ;Methodology for Socio-technical Transition Reseach;summary of doctoral thesis;9789934109782;Rīga;Rīgas Tehniskā universitāte;Vides zinātne
2017;Kalnačs, Ansis ;Straumju hidrokinētisko iekārtu enerģētiskā potenciāla novērtēšana un efektivitātes uzlabošana;promocijas darba kopsavilkums;9789934109812;Rīga;Rīgas Tehniskā universitāte;Enerģētika
2017;Kalnačs, Ansis;Energy Potential Assessment and Efficiency Improvement of In-stream Hydrokinetic Devices;summary of doctoral thesis;9789934109829;Rīga;Rīgas Tehniskā universitāte;Enerģētika
2017;Zaļeskis, Genadijs;Vēja ģeneratoru automatizācijas uzdevumu izpēte mazās jaudas mikrotīklos;Promocijas darba kopsavilkums;9789934109836;Rīga;Rīgas Tehniskā universitāte;Inženierzinātne
2017;Zaleskis, Genadijs ;Research of the Automation Tasks of the Wind Generators in the Low-Power Microgrids;summary of doctoral thesis;9789934109843;Rīga;Rīgas Tehniskā universitāte;Inženierzinātne
2017;Bratarčuks, Sergejs;Sauszemes transporta objektu un konstrukciju tehniskā stāvokļa novērtēšana ar akustiskās emisijas metodi;promocijas darba kopsavilkums;9789934109850;Rīga;Rīgas Tehniskā universitāte;Mašīnzinātne
2017;Bratarčuks, Sergejs;Assessment of Technical Condition of the Land Transport Structures and Objects Using Acoustic Emission Method;summary of the doctoral thesis;9789934109867;Rīga;Rīgas Tehniskā universitāte;Mašīnzinātne
2017;Ozoliņa-Ozola, Iveta;Employee Turnover Challenges and Management Solutions at Companies;summary of the Doctoral Thesis;9789934109874;Rīga;Rīgas Tehniskā universitāte;Vadībzinātnes
2017;Ozoliņa-Ozola, Iveta;Personāla mainības problēmas un vadīšanas risinājumi uzņēmumos;promocijas darba kopsavilkums;9789934109881;Rīga;Rīgas Tehniskā universitāte;Vadībzinātnes
2017;Kuzņecovs, Timurs  ;Apvienotas energosistēmas režīmu modelēšana, izvēle un vērtēšana;promocijas darba kopsavilkums;9789934109898;Rīga;Rīgas Tehniskā universitāte;Enerģētika
2017;Kuzņecovs, Timurs  ;Power flow modeling, sampling and assessment for interconnected power systems;Summary of the Doctoral Thesis;9789934109904;Rīga;Rīgas Tehniskā universitāte;Enerģētika
2017;Iļjina, Inga ;Ierobežojumu un atbalsta ietekme uz elektroenerģijas tirgu, cenu un režīmiem;promocijas darba kopsavilkums;9789934109928;Rīga;Rīgas Tehniskā universitāte;Inženierzinātne
2017;Iljina, Inga ;Impact of Limitations and a Support on the Electricity Market, Prices and Regimes;summary of the doctoral thesis;9789934109935;Rīga;Rīgas Tehniskā universitāte;Inženierzinātne
2017;Bariss, Uldis ;Energoefektivitātes un viedās uzskaites aspekti;promocijas darba kopsavilkums;9789934220074;Rīga;Rīgas Tehniskā universitāte;Vides zinātne
2017;Bariss, Uldis;Aspects of Energy Efficiency and Smart Metering;summary of the doctoral thesis;9789934220081;Rīga;Rīgas Tehniskā universitāte;Vides zinātne
2017;Lugiņina, Jevgeņija;Organisko savienojumu reakcijas šķidrā sēra dioksīdā un ar to;Promocijas darba kopsavilkums;9789934220104;Rīga;Rīgas Tehniskā universitāte;Ķīmija
2017;Kočukovs, Oļegs;Sadalītās ģenerācijas plānošana vidsprieguma sadales tīklos;promocijas darba kopsavilkums;9789934220142;Rīga;Rīgas Tehniskā universitāte;Enerģētika
2017;Kochukov, Oleg;Planning of Distributed Generation in Medium Voltage Electric Power Systems;summary of the doctoral thesis;9789934220159;Rīga;Rīgas Tehniskā universitāte;Enerģētika
2017;Bieļa-Dailidoviča, Edīte;Energosistēmas relejaizsardzības un pretavārijas automātikas virtuāli-reālā laboratorija un tās izmantošanas piemēri;promocijas darba kopsavilkums;9789934220197;Rīga;Rīgas Tehniskā universitāte;Enerģētika
2017;Bieļa-Dailidoviča, Edīte;Virtual-Real Laboratory of Power Systems Relay Protection and Automation and Examples of its Application;summary of the doctoral thesis;9789934220180;Rīga;Rīgas Tehniskā universitāte;Enerģētika
2017;Akišins, Pāvels;Progresīvo pultrūzijas procesu izstrāde;promocijas darba kopsavilkums;9789934220227;Rīga;Rīgas Tehniskā universitāte;Inženierzinātne
2017;Akišins, Pāvels;Design of Advanced Pultrusion Processes;summary of the doctoral thesis;9789934220234;Rīga;Rīgas Tehniskā universitāte;Inženierzinātne
2017;Voļperts, Aleksandrs;Multifukcionālie oglekļa materiāli uz koksnes un lignoceluložu bāzes;promocijas darba kopsavilkums;9789934220241;Rīga;Rīgas Tehniskā universitāte;Inženierzinātne
2017;Voļperts, Aleksandrs;Multifunctional Carbon Materials on the Base of Wood and Lignocellulose;summary of the doctoral thesis;9789934220258;Rīga;Rīgas Tehniskā universitāte;Inženierzinātne
2017;Grase, Līga;Phase Transitions in SnxSy Thin Films and Their Properties;summary of the doctoral thesis;9789934220265;Rīga;Rīgas Tehniskā universitāte;Inženierzinātne
2017;Grase, Līga;Fāžu pārejas SnxSy plānajās kārtiņās un to īpašības;promocijas darba kopsavilkums;9789934220272;Rīga;Rīgas Tehniskā universitāte;Inženierzinātne
2017;Brangule, Agnese;Application of Fourier Transform Infrared Spectroscopy in Analysis of Synthesized and Natural Calcium Phosphate;summary of the doctoral thesis;9789934220289;Rīga;Rīgas Tehniskā universitāte;Inženierzinātne
2017;Brangule, Agnese;Furjē transformācijas infrasarkanās spektroskopijas pielietojums sintezēto un dabisko kalcija fosfātu analīzē;promocijas darba kopsavilkums;9789934220296;Rīga;Rīgas Tehniskā universitāte;Inženierzinātne
2017;Mozoļevskis, Gatis;Dielectric Breakdown of High Voltage Liquid Crystal Displays;summary of the doctoral thesis;9789934220302;Rīga;Rīgas Tehniskā universitāte;Inženierzinātne
2017;Mozoļevskis, Gatis;Augsta sprieguma šķidro kristālu ekrānu dielektriskā caursite;promocijas darba kopsavilkums;9789934220319;Rīga;Rīgas Tehniskā universitāte;Inženierzinātne
2017;Ivanova, Jekaterina;Ogļskābes anhidrāžu un tioredoksīnreduktāzes inhibitoru kā potenciālo pretvēža savienojumu sintēze = Synthesis of the Inhibitors of Carbonic Anhydrases and Thioredoxin Reductase as Potential Anticancer Agents;promocijas darba kopsavilkums = summary of the doctoral thesis;9789934220326;Rīga;Rīgas Tehniskā universitāte;Ķīmija
2017;Skoruks, Dmitrijs;Monopolisation Process Assessment Under Modern Economic Conditions;summary of the doctoral thesis, field: economics, sub-field: macroeconomics;9789934220401;Rīga;Rīgas Tehniskā universitāte;Ekonomika
2017;Skoruks, Dmitrijs;Monopolizācijas procesa novērtējums mūsdienu ekonomiskajos apstākļos;promocijas darba kopsavilkums, nozare: ekonomika, apakšnozare: makroekonomika;9789934220425;Rīga;Rīgas Tehniskā universitāte;Ekonomika
2017;Rebezova, Marina;Aviācijas papildpakalpojumu loģistika un optimizācija gaisa transportā;"promocijas darba kopsavilkums izvirzīts inženierzinātņu doktora zinātniskā grāda iegūšanai, zinātnes nozare ""Transports un satiksme"", apakšnozare ""Telemātika un loģistika""";9789984818719;Rīga;Transporta un sakaru institūts;Inženierzinātne
2017;Zvaigzne, Andrejs;Lēmumu pieņemšanas metodes multifunkcionālā speciālā kuģa ar modulāro arhitektūru projektēšanas sākuma fāzē;"promocijas darba kopsavilkums izvirzīts inženierzinātņu doktora (Dr.sc.ing.) zinātniskā grāda iegūšanai zinātņu nozares ""Transports un satiksme"", apakšnozarē ""Telematika un loģistika""";9789984818856;Rīga;Transporta un sakaru institūts;Inženierzinātne
2017;Veckrācis, Jānis;Integrētā dzejas tulkošanas modeļa lingvistiskie un translatoloģiskie aspekti: Josifa Brodska teksti krievu, angļu un latviešu valodā;promocijas darba kopsavilkums doktora zinātniskā grāda iegūšanai valodniecības nozarē, apakšnozare - salīdzināmā un sastatāmā valodniecība;9789984648699;Ventspils;Ventspils augstskola;Filoloģija
2018;Čakša, Valda;Tautas konservatorijas Latgales kultūrvidē (1923 –1941);promocijas darba (monogrāfijas) kopsavilkums doktora grāda iegūšanai mākslas zinātnes nozarē, kultūras teorijas apakšnozarē;9789934850028;Rīga;Latvijas Kultūras akadēmija;Māksla
2018;Gailis, Jānis;Skrejvaboles (Coleoptera: Carabidae) kā integrētās augu aizsardzības indikatori kviešu sējumos;promocijas darba kopsavilkums Dr. agr. zinātniskā grāda iegūšanai;9789984482811;Jelgava;Latvijas Lauksaimniecības universitāte;Lauksaimniecība
2018;Ančevska, Ieva;Latviešu dziedināšanas tradīcija: teorētiskie un praktiskie aspekti;promocijas darba kopsavilkums doktora grāda iegūšanai filoloģijas zinātņu nozarē, apakšnozare: latviešu folkloristika;9789934556296;Rīga;Latvijas Universitāte;Filoloģija
2018;Znotiņa, Inga;Otrās baltu valodas apguvēju korpuss: izveides metodoloģija un lietojuma iespējas;promocijas darba kopsavilkums filoloģijas doktora grāda iegūšanai valodniecības zinātņu nozares lietišķās valodniecības apakšnozarē;9789934569302;Liepāja;Liepājas Universitāte;Filoloģija
2018;Bitenieks, Juris;Carbon nanotube based thermoplastic polymer composites;summary of the doctoral thesis;9789934220531;Rīga;Rīgas Tehniskā universitāte;Inženierzinātne
2018;Bitenieks, Juris;Oglekļa nanocaurulītes saturoši termoplastiski polimērkompozīti;promocijas darba kopsavilkums;9789934220555;Rīga;Rīgas Tehniskā universitāte;Inženierzinātne
2018;Liniņa, Anda;Agroekoloģisko faktoru ietekme uz ziemas kviešu (Triticum aestivum L.) graudu tehnoloģiskajām īpašībām;promocijas darba kopsavilkums Dr.agr. zinātniskā grāda iegūšanai;9789984482897;Jelgava;Latvijas Lauksaimniecības universitāte;Lauksaimniecība
2018;Šmagris, Ēriks;Alkohola neizraisīto taukaino aknu slimības (NATAS) molekulāri patofizioloģisko mehānismu identifikācija;promocijas darba kopsavilkums doktora grāda iegūšanai medicīnas nozarē, apakšnozare: iekšķīgās slimības;9789934183119;Rīga;Latvijas Universitāte;Medicīna
2018;Bolevics, Valters;The Impact of Governance on Port Performance;summary of the doctoral thesis, discipline: management science, sub-discipline: business administration;9789934183157;Rīga;Latvijas Universitāte;Vadībzinātnes
2018;Kadiķis, Roberts;Efektīvas video apstrādes metodes kustīgu objektu atklāšanai un raksturošanai;promocijas darba kopsavilkums;9789934220579;Rīga;Rīgas Tehniskā universitāte;Inženierzinātne
2018;Kadiķis, Roberts;Efficient Methods for Detection and Characterization of Moving Objects in Video;summary of the doctoral thesis;9789934220593;Rīga;Rīgas Tehniskā universitāte;Inženierzinātne
2018;Mileiko, Ilze;Auglība tradicionālajā un mūsdienu kultūrā Latvijā;promocijas darba kopsavilkums doktora grāda iegūšanai folkloras zinātnes nozarē, apakšnozare: latviešu folkloristika;9789934183249;Rīga;Latvijas Universitāte;Filoloģija
2018;Scharrer, Barbara Luise;Predictors of Employees' Ethical Choices in Corporate Settings in Germany, Austria and China;summary of doctoral thesis submitted for the doctor’s degree in management science, subfield: business management;9789934183256;Rīga;Latvijas Universitāte;Vadībzinātnes
2018;Woschank, Manuel Edmund;The impact of decision making process maturity on decision making efficiency;summary of the doctoral thesis submitted for the doctoral degree in management science, subfield: business management;9789934183317;Rīga;Latvijas Universitāte;Vadībzinātnes
2018;Štekleins, Antons;Vakuummetru pārbaudes metodoloģijas pētījumi;promocijas darba kopsavilkums, nozare: mašīnzinātne, apakšnozare: mašīnbūves tehnoloģija;9789934220630;Rīga;Rīgas Tehniskā universitāte;Mašīnzinātne
2018;Štekleins, Antons;Research on Vacuum Gauge Testing Methodology;summary of the doctoral thesis;9789934220654;Rīga;Rīgas Tehniskā universitāte;Mašīnzinātne
2018;Pigiņka-Vjačeslavova, Inga;Ar cirkovīrusu-2 inficētu sivēnu limfmezglu reaktivitāte;promocijas darba kopsavilkums Dr. vet. med. zinātniskā grāda iegūšanai;;Jelgava;Latvijas Lauksaimniecības universitāte;Veterinārmdecīna
2018;Vītols, Edgars;Vidusskolas kora darbība vienotībā ar kustībām un drāmas elementiem skolēnu emocionālās inteliģences pilnveidei;promocijas darba kopsavilkums doktora zinātniskā grāda iegūšanai pedagoģijas nozarē, apakšnozare: mūzikas pedagoģija;9789934183379;Rīga;Latvijas Universitāte;Pedagoģija
2018;Rudzītis, Ainārs;Sirds priekškambaru starpsienas II tipa defektu un persistējošas ovālās atveres transkatetrālas slēgšanas ilgtermiņa rezultāti;promocijas darba kopsavilkums doktora grāda iegūšanai medicīnas nozarē, apakšnozare: internā medicīna;9789934183409;Rīga;Latvijas Universitāte;Medicīna
2018;Vītoliņa, Sanita;Efektīva biomasas izdalīšana no finiera ražošanas hidrotermiskās apstrādes notekūdeņiem, tās raksturojums un izmantošanas iespējas;promocijas darba kopsavilkums;9789934220760;Rīga;Rīgas Tehniskā universitāte;Ķīmija
2018;Vītoliņa, Sanita;Efficient Separation of Biomass from Veneer Production Hydrothermal Treatment Wastewater, its Characterization and Application Possibility;summary of the doctoral thesis;9789934220784;Rīga;Rīgas Tehniskā universitāte;Ķīmija
2018;Treijs, Juris;Feromagnētiskie sorbenti un to iespējas izlietu naftas produktu piesārņojuma savākšanā;promocijas darba kopsavilkums;9789934220807;Rīga;Rīgas Tehniskā universitāte;Inženierzinātne
2018;Treijs, Juris;Ferromagnetic Sorbents and their Potential for Collecting Pollution with Spilled Oil Products;summary of the doctoral thesis;9789934220821;Rīga;Rīgas Tehniskā universitāte;Inženierzinātne
2018;Ohotina, Alīna;Investīciju klimats Latvijas, Lietuvas, Baltkrievijas pierobežas reģionos;promocijas darba kopsavilkums ekonomikas doktora (Dr. oec) zinātniskā grāda iegūšanai reģionālās ekonomikas apakšnozarē;9789984148243;Daugavpils;Daugavpils Universitāte;Ekonomika
2018;Kirilovs, Georgijs;Fotofizikālie procesi benzantrona luminoforu cietvielās, šķīdumos un kopolimēros;promocijas darba kopsavilkums fizikas doktora (Dr. phys.) zinātniskā grāda iegūšanai;9789984148274;Daugavpils;Daugavpils Universitāte;Fizika
2018;Veipa, Ingrīda;Profesionālās izglītības loma darbaspēka sagatavošanā Latvijas reģioniem;promocijas darba kopsavilkums ekonomikas doktora (Dr. oec) zinātniskā grāda iegūšanai reģionālās ekonomikas apakšnozarē;9789984148373;Daugavpils;Daugavpils Universitāte;Ekonomika
2018;Boļšuhins, Leonīds;Majakovska liriskais varonis: 'nepabeigtības' fenomens;promocijas darba kopsavilkums filoloģijas doktora (Dr. philol.) zinātniskā grāda iegūšanai literatūrzinātnes nozarē cittautu literatūras vēstures apakšnozarē;9789984148403;Daugavpils;Daugavpils Universitāte;Literatūrzinātne
2018;Ogurcovs, Andrejs;Study of ZnO, CuO, CulnSe2 Compounds and Their Composites for Sensing Applications;summary of the thesis for obtaining the doctotal degree in physics (Dr. phys.);9789984148144;Daugavpils;Daugavpils Universitāte;Fizika
2018;Kirsanovs, Vladimirs;Šķeldas gazifikācija singāzes iegūšanai;promocijas darba kopsavilkums;9789934220890;Rīga;Rīgas Tehniskā universitāte;Vides zinātne
2018;Kirsanovs, Vladimirs;Wood Chips Gasification for Syngas Production;summary of the doctoral thesis;9789934220913;Rīga;Rīgas Tehniskā universitāte;Vides zinātne
2018;Teibe, Ināra;Sadzīves atkritumu apsaimniekošanas pārvaldības attīstība Latvijā;promocijas darba kopsavilkums doktora grāda iegūšanai ģeogrāfijā vides zinātnes nozarē, apakšnozare: dabas aizsardzība;9789934182587;Rīga;Latvijas Universitāte;Ģeogrāfija
2018;Teibe, Ināra;Development of Solid Waste Management Governance in Latvia;summary of doctoral thesis submitted for the degree of doctor of geography in environmental science, subfield of environmental protection;9789934182594;Rīga;Latvijas Universitāte;Ģeogrāfija
2018;Eizenberga, Inga;Psihrotrofo patogēnu un higiēnas indikatormikroorganismu izplatība zivīs eitrofos ezeros un mazumtirdzniecībā Latvijā;promocijas darba kopsavilkums Dr.med.vet. zinātniskā grāda iegūšanai;;Jelgava;Latvijas Lauksaimniecības universitāte;Veterinārmdecīna
2018;Kokle-Narbuta, Iveta;Ģimeņu izglītība bērnu ar speciālām vajadzībām dzīves kvalitātes pilnveidei;promocijas darba kopsavilkums pedagoģijas doktora (Dr.paed.) zinātniskā grāda iegūšanai pieaugušo pedagoģijas apakšnozarē;;Jelgava;Latvijas Lauksaimniecības universitāte;Pedagoģija
2018;Muižniece, Indra;Biotehonomikas analīzes metodoloģija;promocijas darba kopsavilkums;9789934220937;Rīga;Rīgas Tehniskā universitāte;Enerģētika
2018;Muižniece, Indra;Biotechonomy Analysis Methodology;summary of the doctoral thesis;9789934220951;Rīga;Rīgas Tehniskā universitāte;Enerģētika
2018;Platače, Rasma;Zālaugu biomasas ieguve cietā kurināmā ražošanai;promocijas darba kopsavilkums Dr. agr. zinātniskā grāda iegūšanai;9789984483030;Jelgava;Latvijas Lauksaimniecības universitāte;Lauksaimniecība
2018;Gorskis, Henrihs;Ontoloģijā bāzētas intelektuālas datu izgūšanas metodoloģijas izstrāde;promocijas darba kopsavilkums;9789934220975;Rīga;Rīgas Tehniskā universitāte;Datorzinātne
2018;Gorskis, Henrihs;Development of Ontology-based Intelligent Data Retrieval Methodology;summary of the doctoral thesis;9789934220999;Rīga;Rīgas Tehniskā universitāte;Datorzinātne
2018;Volkinšteine,  Jeļena;Skolotāja kompetence organizēt skolēnu pētniecisko darbu ķīmijā;promocijas darba kopsavilkums pedagoģijas doktora (Dr. paed.) zinātniska grāda iegūšanai (apakšnozare: skolas pedagoģija);9789934183591;Daugavpils;Daugavpils Universitāte;Pedagoģija
2018;Miķelsone, Jeļena;Hologrāfiskais ieraksts un virsmas reljefa veidošanās azobenzola savienojumos;promocijas darba kopsavilkums doktora grāda iegūšanai fizikas nozarē, apakšnozare: cietvielu fizika;9789934183614;Rīga;Latvijas Universitāte;Fizika
2018;Mikelsone, Jelena;Holographic Recording and Surface Relief Grating Formation in Azobenzene Compounds;summary of doctoral thesis submitted for the degree of doctor of physics, subfield of solid state physics;9789934183621;Rīga;Latvijas Universitāte;Fizika
2018;Faituša, Ivita;Iekšējā audita izvērtējums un pilnveidošanas iespēju analīze Latvijas valsts tiešajā pārvaldē un pašvaldībās;promocijas darba kopsavilkums doktora grāda iegūšanai ekonomikas nozare, apakšnozare: grāmatvedība un uzskaites teorija;9789934183638;Rīga;Latvijas Universitāte;Ekonomika
2018;Lauka, Dace;Sustainability Analysis of Renewable Energy Sources;promocijas darba kopsavilkums;9789934221101;Rīga;Rīgas Tehniskā universitāte;Vides zinātne
2018;Lauka, Dace;Atjaunojamo energoresursu ilgtspējas analīze;promocijas darba kopsavilkums;9789934221125;Rīga;Rīgas Tehniskā universitāte;Vides zinātne
2018;Skvorcova, Marija;Elektrofīlu inducētas ciklopropānu reakcijas ar nukleofīliem;promocijas darba kopsavilkums;9789934221163;Rīga;Rīgas Tehniskā universitāte;Ķīmija
2018;Ašmanis, Aivis;Virsmas montāžas komponenšu izpēte ar 3D modelēšanas palīdzību frekvenču diapazonā 150 kHz-100 MHz;promocijas darba kopsavilkums;9789934221200;Rīga;Rīgas Tehniskā universitāte;Enerģētika
2018;Ašmanis, Aivis;Surface-Mount Component 3D Modelling in Frequency Range 150 kHz-100 MHz;summary of the doctoral thesis;9789934221224;Rīga;Rīgas Tehniskā universitāte;Enerģētika
2018;Lukašenoks, Artūrs;Kompozīto šķiedru izstrāde un izraušanas uzvedības izpēte dažādas stiprības betonos;promocijas darba kopsavilkums;9789934221262;Rīga;Rīgas Tehniskā universitāte;Būvzinātne
2018;Lukašenoks, Artūrs;Composite Fibre Development and Investigation of Pull-out Behaviour in Concretes with Various Strength;summary of the doctoral thesis;9789934221286;Rīga;Rīgas Tehniskā universitāte;Būvzinātne
2018;Skromulis, Andris;Antropogēnā piesārņojuma ietekme uz aerojonu koncentrāciju;promocijas darba kopsavilkums;9789934221323;Rīga;Rīgas Tehniskā universitāte;Inženierzinātne
2018;Skromulis, Andris;Impact of Anthropogenic Pollution of Air Ion Concentration;summary of the doctoral thesis;9789934221385;Rīga;Rīgas Tehniskā universitāte;Inženierzinātne
2018;Ruzaiķe, Aija;Fleksiblajā iepakojumā termiski apstrādātu kartupeļu ēdienu kvalitāte uzglabāšanas laikā;promocijas darba kopsavilkums Dr.sc.ing. zinātniskā grāda iegūšanai;;Jelgava;Latvijas Lauksaimniecības universitāte;Inženierzinātne
2018;Zvaigzne, Galina;Effect of UHT processing on the bioactive compounds and antioxidant capacity in orange and sea buckthorn juices;summary of the doctoral dissertation for the scientific degree of Dr.sc.ing.;;Jelgava;Latvijas Lauksaimniecības universitāte;Inženierzinātne
2018;Antoņenko, Kristīna;Mikroelementu ietekme uz rudzu iesala kvalitāti;promocijas darba kopsavilkums Dr.sc.ing. zinātniskā grāda iegūšanai;;Jelgava;Latvijas Lauksaimniecības universitāte;Inženierzinātne
2018;Lēnerts, Arnis;Siltumnīcefekta gāzu emisiju samazināšana - lauksaimniecības ilgtspējīgai attīstībai Latvijā;promocijas darba kopsavilkums ekonomikas doktora (Dr.oec.) zinātniskā grāda iegūšanai;;Jelgava;Latvijas Lauksaimniecības universitāte;Ekonomika
2018;Līdums, Ivo;Dehidrēta rudzu maizes kvasa ieguve un kvalitāte;promocijas darba kopsavilkums Dr.sc.ing. zinātniskā grāda iegūšanai;;Jelgava;Latvijas Lauksaimniecības universitāte;Inženierzinātne
2018;Cudečka-Puriņa, Natālija;Ensuring Municipal Waste Management Sustainability by Administration of Landfill Management Companies;summary of doctoral thesis, discipline: management science, sub-discipline: business administration;9789934183744;Rīga;"Biznesa, mākslas un tehnoloģiju augstskola ""RISEBA""";Vadībzinātnes
2018;Točelovska, Nataļja;Latvijas korporatīvo obligāciju tirgus attīstība;promocijas darba kopsavilkums doktora grāda iegūšanai ekonomikas nozarē, apakšnozare: finanses un kredīts;9789934183768;Rīga;Latvijas Universitāte;Ekonomika
2018;Šinka, Māris;Dabīgo šķiedru energoefektīvi biokompozīti ar pazeminātu ietekmi uz vidi un to pielietojums;promocijas darba kopsavilkums;9789934221569;Rīga;Rīgas Tehniskā universitāte;Inženierzinātne
2018;Gulbe, Gundega;Mikroorganismu klātbūtne govs (Bos primigenius taurus) pienā bioloģiskajā lauksaimniecībā un dabīgu vielu ietekme uz govīm ar subklīnisko mastītu;promocijas darba kopsavilkums Dr. med. vet. zinātniskā grāda iegūšanai;;Jelgava;Latvijas Lauksaimniecības universitāte;Veterinārmdecīna
2018;Smirnova, Tatjana;Fonoloģiskais ikoniskums ekspresīvajos un operatīvajos tekstos sastatāmajā skatījumā;promocijas darba kopsavilkums filoloģijas doktora zinātniskā grāda iegūšanai valodniecības nozarē, salīdzināmās un sastatāmās valodniecības apakšnozarē;9789934221590;Rīga;Rīgas Tehniskā universitāte;Filoloģija
2018;Zolovs, Maksims;Apkārtējās vides faktoru ietekme uz ektoparazītu izplatību zivju žaunu aparātā: preferences, līdzāspastāvēšana un mijiedarbība;promocijas darba kopsavilkums bioloģijas doktora zinātniskā grāda iegūšanai (zooloģijas apakšnozarē);9789984148458;Daugavpils;Daugavpils Universitāte;Bioloģija
2018;Evarte-Bundere, Gunta;Liepu (Tilia L.) ģints taksoni Latvijā un to izplatību limitējošo vides faktoru analīze;promocijas darba kopsavilkums bioloģijas doktora zinātniskā grāda iegūšanai (botānikas apakšnozarē);9789984148489;Daugavpils;Daugavpils Universitāte;Bioloģija
2018;Krasovska, Marina;Dažādu morfoloģiju ZnO nanostruktūru iegūšana un to pielietošana elektroķīmiskā sensora izstrādē;promocijas darba kopsavilkums fizikas doktora (Dr.phys.) zinātniskā grāda iegūšanai;9789984148526;Daugavpils;Daugavpils Universitāte;Fizika
2018;Kauškale, Linda;Assessment of Sustainable Development of the Real Estate Market: Case of Latvia;summary of the doctoral thesis;9789934221606;Rīga;Rīgas Tehniskā universitāte;Ekonomika
2018;Kauškale, Linda;Nekustamā īpašuma tirgus ilgtspējīgas attīstības novērtēšana: Latvijas situācija;promocijas darba kopsavilkums;9789934221620;Rīga;Rīgas Tehniskā universitāte;Ekonomika
2018;Dejus, Sandis;Dzeramā ūdens kvalitātes tiešsaistes monitorings;promocijas darba kopsavilkums;9789934221644;Rīga;Rīgas Tehniskā universitāte;Inženierzinātne
2018;Dejus, Sandis;Online Drinking Water Quality Monitoring;summary of the doctoral thesis;9789934221668;Rīga;Rīgas Tehniskā universitāte;Inženierzinātne
2018;Riepnieks, Artis;Parametru aprēķini un elektrisko signālu modelēšana vektoru mēriekārtām;promocijas darba kopsavilkums;9789934221682;Rīga;Rīgas Tehniskā universitāte;Inženierzinātne
2018;Riepnieks, Artis;Parameter Estimation and Signal Modelling for Phasor Measurement Units;summary of the doctoral thesis;9789934221705;Rīga;Rīgas Tehniskā universitāte;Inženierzinātne
2018;Gračkova, Larisa;Impact of Electric Vehicles and Charging Stations on the Development of the Latvian Energy System and Environmental Quality;summary of the doctoral thesis;9789934221729;Rīga;Rīgas Tehniskā universitāte;Inženierzinātne
2018;Gračkova, Larisa;Elektromobiļu un uzlādes staciju ietekme uz Latvijas enerģētikas sistēmas attīstību un vides kvalitāti;promocijas darba kopsavilkums;9789934221743;Rīga;Rīgas Tehniskā universitāte;Inženierzinātne
2018;Ivanova, Polina;The Improvement of Flexibility and Efficiency of Thermal Power Plants under Variable Operation Conditions;summary of the doctoral thesis;9789934221767;Rīga;Rīgas Tehniskā universitāte;Inženierzinātne
2018;Ivanova, Poļina;Termoelektrocentrāļu elastīguma un efektivitātes palielināšana mainīgos darbības apstākļos;promocijas darba kopsavilkums;9789934221781;Rīga;Rīgas Tehniskā universitāte;Inženierzinātne
2018;Straujuma, Anita;Zināšanu vadības pielietojums absolventu ilgtermiņa iesaistei augstākās izglītības un pētniecības iestādēs;promocijas darba kopsavilkums, nozare: sociālās zinātnes, apakšnozare: ekonomika un uzņēmējdarbība;9789934221804;Rīga;Rīgas Tehniskā universitāte;Ekonomika
2018;Straujuma, Anita;Knowledge Management Application for Enhancement of Alumni Long-Term Engagement in Higher Education and Research Institutions;summary of the doctoral thesis;9789934221828;Rīga;Rīgas Tehniskā universitāte;Ekonomika
2018;Stepiņa, Santa;Elektrovadošu polimēru kompozītu sensormateriāli degvielas un gaistošo organisko savienojumu detektēšanai;promocijas darba kopsavilkums;9789934221842;Rīga;Rīgas Tehniskā universitāte;Inženierzinātne
2018;Stepiņa, Santa;Conductive Nanostructured Polymer Composites for Fuel and Volatile Organic Compound Vapour Detection;summary of the doctoral thesis;9789934221866;Rīga;Rīgas Tehniskā universitāte;Inženierzinātne
2018;Kroičs, Kaspars;Iekārtu ar superkondensatoriem izstrāde elektriskās piedziņas modernizēšanai;promocijas darba kopsavilkums;9789934221880;Rīga;Rīgas Tehniskā universitāte;Inženierzinātne
2018;Kroics, Kaspars;Development of Supercapacitor Based Devices for Electric Drive Retrofit;summary of the doctoral thesis;9789934221903;Rīga;Rīgas Tehniskā universitāte;Inženierzinātne
2018;Grasmanis, Dzintars;Daudzdzīvokļu ēku karstā ūdens sistēmu energoefektivitātes novērtējums;promocijas darba kopsavilkums;9789934221927;Rīga;Rīgas Tehniskā universitāte;Inženierzinātne
2018;Grasmanis, Dzintars;Energy Performance Assessment of Domestic Hot Water Systems of Apartment Buildings;summary of the doctoral thesis;9789934221941;Rīga;Rīgas Tehniskā universitāte;Inženierzinātne
2018;Dejus, Sandis;Dzeramā ūdens kvalitātes tiešsaistes monitorings;promocijas darbs;;Rīga;Rīgas Tehniskā universitāte;Inženierzinātne
2018;Talcis, Normunds;Centralizētās siltumapgādes sistēmas pārvaldības un kontroles metodoloģija;promocijas darba kopsavilkums;9789934221989;Rīga;Rīgas Tehniskā universitāte;Inženierzinātne
2018;Talcis, Normunds;District Heating System Management and Control Methodology;summary of the doctoral thesis;9789934222009;Rīga;Rīgas Tehniskā universitāte;Inženierzinātne
2018;Zimackis, Viesturs;Zibensaizsardzības ietaišu izvietošanas metodoloģija izolēto vadu līnijām vidsprieguma tīklā;promocijas darba kopsavilkums;9789934222108;Rīga;Rīgas Tehniskā universitāte;Inženierzinātne
2018;Zimackis, Viesturs;Methodology for Lightning Protection Device Placement in Medium Voltage Overhead Lines with Covered Conductors;summary of the doctoral thesis;9789934222122;Rīga;Rīgas Tehniskā universitāte;Inženierzinātne
2018;Īriste, Sandra;Topošo viesmīlības uzņēmumu vadītāju konkurētspējas izvērtēšana un attīstības veicināšana augstskolas duālajā studiju vidē;promocijas darba kopsavilkums pedagoģijas doktora (Dr.paed.) zinātniskā grāda iegūšanai augstskolas pedagoģijas apakšnozarē;;Jelgava;Latvijas Lauksaimniecības universitāte;Pedagoģija
2018;Zhanguzhinova, Meruyert;Studentu – topošo profesionālās izglītības pedagogu profesionālās kompetences veidošanās Kazahstānas augstākajā izglītībā;promocijas darba kopsavilkums pedagoģijas doktora zinātniskā grāda iegūšanai;9789984442198;Rēzekne;Rēzeknes Tehnoloģiju akadēmija;Pedagoģija
2018;Karlsone, Inguna;Dizaina studentu telpiskās spriešanas prasme kā mācīšanās rezultāts;promocijas darba kopsavilkums doktora grāda iegūšanai pedagoģijas nozarē, apakšnozare: augstskolas pedagoģija;9789934556289;Rīga;Latvijas Universitāte;Pedagoģija
2018;Surmačs, Andrejs;Finanšu politikas attīstība Rīgā un Pierīgas reģionā;promocijas darba kopsavilkums ekonomikas doktora (Dr.oec.) zinātniskā grāda iegūšanai, zinātnes apakšnozare: reģionālā ekonomika;9789984471501;Rīga;BALTIJAS STARPTAUTISKĀ AKADĒMIJA;Ekonomika
2018;Bekniyazova, Dana;Inovāciju darbības valstiskais regulējums Kazahstānas Republikas reģionos;promocijas darba kopsavilkums ekonomikas doktora (Dr.oec.) zinātniskā grāda iegūšanai;9789984471518;Rīga;BALTIJAS STARPTAUTISKĀ AKADĒMIJA;Ekonomika
2018;Dyussembekova, Gulsara;Valsts kontroles sistēmas programmu efektivitātes novērtējums: principi un metodiskā pieeja;promocijas darba kopsavilkums ekonomikas doktora (Dr. oec.) zinātniskā grāda iegūšanai;9789984471549;Rīga;BALTIJAS STARPTAUTISKĀ AKADĒMIJA;Ekonomika
2018;Pečulis, Raitis;Novel Genetic Risk Factors Associated with Three Multifactorial Traits and Their Clinical Characteristics in Latvian Population;summary of doctoral thesis submitted for the degree of doctor of biology, subfield molecular biology;;Rīga;Latvijas Universitāte;Bioloģija
2018;Rozenfelde, Linda;Limitēta skābekļa apstākļos kultivēta rauga anhidrobioze un tās biotehnoloģiskie pielietojumi;promocijas darba kopsavilkums doktora grāda iegūšanai bioloģijas nozarē, apakšnozare: mikrobioloģija;;Rīga;Latvijas Universitāte;Bioloģija
2018;Rozenfelde, Linda;Anhydrobiosis in Yeast Grown at Oxygen Limited Conditions and Its Biotechnological Applications;summary of doctoral thesis submitted for the degree of doctor of biology, subfield of microbiology;;Rīga;Latvijas Universitāte;Bioloģija
2018;Pečulis, Raitis;Jauni ģenētiskie riska faktori asociēti ar trīs multifaktoriālām pazīmēm un to īpašībām Latvijas populācijā;promocijas darba kopsavilkums doktora grāda iegūšanai bioloģijas nozarē, apakšnozare: molekulārā bioloģija;;Rīga;Latvijas Universitāte;Bioloģija
2018;Jurāne-Brēmane, Anžela;Formatīvā vērtēšana studiju procesā;promocijas darba kopsavilkums doktora grāda iegūšanai pedagoģijas nozarē, apakšnozare: augstskolas pedagoģija;9789934556302;Rīga;Latvijas Universitāte;Pedagoģija
2018;Hačatrjana, Liena;Komplekso problēmu risināšanas prasmju saistība ar kognitīvajām spējām un vadības funkcijām skolēniem 16-19 gadu vecumā;promocijas darba kopsavilkums doktora grāda iegūšanai psiholoģijas nozarē, apakšnozare: vispārīgā psiholoģija;;Rīga;Latvijas Universitāte;Psiholoģija
2018;Plauča, Ilze;Ruminācijas, vadības funkciju un piedošanas saistība ar depresijas simptomu izteiktību;promocijas darba kopsavilkums doktora grāda iegūšanai psiholoģijas nozarē, apakšnozare: klīniskās psiholoģijas;;Rīga;Latvijas Universitāte;Psiholoģija
2018;Vagale, Vija;Uz lietotāja modeli balstīta personalizēta adaptīva e-studiju sistēma;promocijas darba kopsavilkums doktora grāda iegūšanai datorzinātnes nozarē, apakšnozare: datoru un sistēmu programmatūra;9789934556319;Rīga;Latvijas Universitāte;Datorzinātne
2018;Vagale, Vija;User's Model-based Personalized Adaptive E-Learning System;summary of doctoral thesis submitted for the degree of doctor of computer science, subfield: software and systems engineering;9789934556326;Rīga;Latvijas Universitāte;Datorzinātne
2018;Anohina-Naumeca, Alla;Studentu struktūrzināšanu formatīvā vērtēšana;promocijas darba kopsavilkums doktora grāda iegūšanai pedagoģijas nozarē, apakšnozare: augstskolas pedagoģija;9789934527548;Rīga;Latvijas Universitāte;Pedagoģija
2018;Rēķis, Toms;Enantiomēru atpazīšana kristāliskā stāvoklī: izvēlētu mazu organisku molekulu enantiomēru veidoto cieto šķīdumu strukturālā un termodinamiskā daba;promocijas darba kopsavilkums doktora grāda iegūšanai ķīmijas nozarē, apakšnozare: fizikālā ķīmija;9789934556333;Rīga;Latvijas Universitāte;Ķīmija
2018;Dāvidsone, Zane;Temporomandibulāro locītavu artrīta attīstību ietekmējošie faktori, klīniskie un radioloģiskie simptomi bērniem ar juvenilu idiopātisku artrītu;promocijas darba kopsavilkums medicīnas doktora zinātniskā grāda iegūšanai, specialitāte - pediatrija, bērnu reimatoloģija;;Rīga;Rīgas Stradiņa universitāte;Medicīna
2018;Dāvidsone, Zane;Temporomandibular Joint Arthritis Development Influencing Factors, Clinical And Radiologic Symptoms in Children With Juvenile Idiopathic Arthritis;summary of the doctoral thesis for obtaining the degree of a doctor of medicine, speciality - paediatrics, paediatric rheumatology;;Rīga;Rīgas Stradiņa universitāte;Medicīna
2018;Kadiša, Anda;Latentas/persistentas parvovīrusa B 19, HHV-6 un HHV-7 infekcijas iesaiste reimatoīdā artrīta etiopatoģenēzē un saistība ar klīnisko un radioloģisko atradi;promocijas darba kopsavilkums medicīnas doktora zinātniskā grāda iegūšanai, specialitāte - reimatoloģija;;Rīga;Rīgas Stradiņa universitāte;Medicīna
2018;Kadiša, Anda;Involvement of Latent/Persistent Parvovirus B19, HHV-6 and HHV-7 Infections in Ethiopathogenesis of Rheumatoid Arthritis and Relationship with Clinical and Radiological Findings;summary of the doctoral thesis for obtaining the degree of a doctor of medicine, speciality - rheumatology;;Rīga;Rīgas Stradiņa universitāte;Medicīna
2018;Bērziņš, Uldis;Safety Assessment of Autologous Mesenchymal Stem Cells;summary of doctoral thesis submitted for the degree of doctor of biology, subfield of molecular biology;;Rīga;Latvijas Universitāte;Bioloģija
2018;Bērziņš, Uldis;Autologu mezenhimālo cilmes šūnu drošuma pārbaude;promocijas darba kopsavilkums doktora grāda iegūšanai bioloģijas nozarē, apakšnozare: molekulārā bioloģija;;Rīga;Latvijas Universitāte;Bioloģija
2018;Mežaka, Ieva;Genetic Mapping of Spring Barley (Hordeum Vulgare L.) Traits Important in Environmetally Friendly and Organic Agriculture;summary of doctoral thesis submitted for the degree of Doctor of Biology, subfield of Plant Physiology;;Rīga;Latvijas Universitāte;Bioloģija
2018;Mežaka, Ieva;Videi draudzīgā un bioloģiskā lauksaimniecībā vasaras miežiem (Hordeum vulgare L.) nozīmīgu pazīmju ģenētiskā kartēšana;promocijas darba kopsavilkums doktora grāda iegūšanai bioloģijas nozarē, apakšnozare: augu fizioloģija;;Rīga;Latvijas Universitāte;Bioloģija
2018;Grava, Jana;Bērncentrētas pedagoģiskās pieejas īstenošana bērnu pašrealizācijai pirmsskolā;promocijas darba kopsavilkums doktora zinātniskā grāda iegūšanai pedagoģijā, apakšnozare: pirmsskolas pedagoģija;9789934569326;Liepāja;Liepājas Universitāte;Pedagoģija
2018;Bāgante, Ieva;Deguna elpošanas funkcija un estētika bērniem ar vienpusēju caurejošu lūpas, alveolārā izauguma un aukslēju šķeltni;promocijas darba kopsavilkums medicīnas doktora zinātniskā grāda iegūšanai, specialitāte - mutes, sejas un žokļu ķirurģija;;Rīga;Rīgas Stradiņa universitāte;Medicīna
2018;Bāgante, Ieva;Nasal Function and Aesthetics in Patients with Complete Unilateral Cleft Lip, Alveolus and Palate;summary of the doctoral thesis for obtaining the degree of a doctor of medicine, speciality - oral and maxillofacial surgery;;Rīga;Rīgas Stradiņa universitāte;Medicīna
2018;Cīrule, Iveta;Augstskolu biznesa inkubatoru ietekme uz jauno komersantu sniegumu;promocijas darba kopsavilkums, nozare: vadībzinātne, apakšnozare: uzņēmējdarbības vadība;9789984705408;Rīga;"Biznesa, mākslas un tehnoloģiju augstskola ""RISEBA""";Vadībzinātnes
2018;Rēķis, Toms;Enantiomer Recognition in Molecular Crystals: Structural and Thermodynamic Aspects of Enantiomer Solid Solutions of Selected Small Organic Molecules;summary of doctoral thesis submitted for the degree of doctor of chemistry, subfield of physical chemistry;;Rīga;Latvijas Universitāte;Ķīmija
2018;Lauberts, Māris;Isolation of Polyphenols From Different Plant Biomass Processing Residues Applied Enviromentally Friendly Extraction Methods and Comprehensive Characterisation of the Products Obtained;summary of doctoral thesis submitted for the degree of doctor of chemistry, subfield of analytical chemistry;;Rīga;Latvijas Universitāte;Ķīmija
2018;Lauberts, Māris;Polifenolu izdalīšana no dažādiem augu biomasas pārstrādes atlikumiem ar videi draudzīgām ekstrakcijas metodēm un iegūto produktu vispusīga raksturošana;promocijas darba kopsavilkums doktora grāda iegūšanai ķīmijas nozarē, apakšnozare: analītiskā ķīmija;;Rīga;Latvijas Universitāte;Ķīmija
2018;Avotiņš, Ivars;Valsts parāda vērtspapīru plūsmas vadības pilnveidošanas iespējas Latvijā;promocijas darba kopsavilkums doktora grāda iegūšanai vadībzinātnes nozarē, uzņēmējdarbības vadības apakšnozarē;;Rīga;Biznesa augstskola Turība;Vadībzinātnes
2018;Avotiņš, Ivars;Enhancing Management of Government Debt Securities Flows in Latvia;synopsis of the doctoral thesis for award of a doctoral degree in business administration, a sub branch of management science;;Rīga;Biznesa augstskola Turība;Vadībzinātnes
2018;Skride, Andris;Hemodinamisko rādītāju novērtēšana un mirstības riska faktoru identifikācija pacientam ar pulmonālu arteriālu un hronisku trombembolisku pulmonālu hipertensiju;promocijas darba kopsavilkums medicīnas doktora zinātniskā grāda iegūšanai, specialitāte - internā medicīna;;Rīga;Rīgas Stradiņa universitāte;Medicīna
2018;Skride, Andris;Hemodynamic Parameter Assessment and Mortality Risk Factor Identification in Patients with Pulmonary Arterial and Chronic Thromboembolic Pulmonary Hypertension;summary of the Doctoral Thesis for obtaining the degree of a Doctor of Medicine, specialty - Internal Medicine;;Rīga;Rīgas Stradiņa universitāte;Medicīna
2018;Kovaļa, Ļubova;Kriminālatbildība par izvairīšanos no nodokļu un tiem pielīdzināto maksājumu nomaksas;promocijas darba kopsavilkums doktora grāda iegūšanai juridiskās zinātnes nozarē, apakšnozare: krimināltiesības;9789934556371;Rīga;Latvijas Universitāte;Juridiskās zinātnes
2018;Šmits, Dins;Latvijas astmas pacientu izpildes līdzestība ārstēšanai un ar to saistītie faktori;promocijas darba kopsavilkums medicīnas doktora zinātniskā grāda iegūšanai, specialitāte - medicīna, apakšnozare - sabiedrības veselība;;Rīga;Rīgas Stradiņa universitāte;Medicīna
2018;Šmits, Dins;Treatment Adherence of Asthma Patients in Latvia and Factors Related to Adherence;summary of the doctoral thesis for obtaining the degree of a doctor of medicine, speciality - medicine, subspeciality - public health;;Rīga;Rīgas Stradiņa universitāte;Medicīna
2018;Bērtule, Dace;Needs of Families With Children With Cerebral Palsy and Factors Affesting These Needs;summary of the doctoral thesis for obtaining the degree of a doctor of medicine, speciality - physical and rehabilitation medicine;;Rīga;Rīgas Stradiņa universitāte;Medicīna
2018;Bērtule, Dace;Bērnu ar cerebrālo trieku ģimeņu vajadzības un tās ietekmējošie faktori;promocijas darba kopsavilkums medicīnas doktora zinātniskā grāda iegūšanai, specialitāte - fizikālā un rehabilitācijas medicīna;;Rīga;Rīgas Stradiņa universitāte;Medicīna
2018;Pētersone, Līga;Klavieru trio Latvijas atskaņotājmākslā: vēsturiskā kopaina, ansambļi un spēles tradīcijas;promocijas darba kopsavilkums mākslas zinātņu doktora zinātniskā grāda (Dr. art.) iegūšanai muzikoloģijā;9789934547034;Rīga;Jāzepa Vītola Latvijas Mūzikas akadēmija;Māksla
2018;Vrubļevska, Jeļena;Depresijas izplatība Latvijas vispārējā populācijā un primārajā aprūpē Rīgā un Rīgas rajonā;promocijas darba kopsavilkums medicīnas doktora zinātniskā grāda iegūšanai, specialitāte - psihiatrija;;Rīga;Rīgas Stradiņa universitāte;Medicīna
2018;Vrubļevska, Jeļena;Prevalence of Depression in the General population of Latvia and Primary Care Sample in Rīga and Riga District;summary of the doctoral thesis for obtaining the degree of a doctor of medicine, speciality - psychiatry;;Rīga;Rīgas Stradiņa universitāte;Medicīna
2018;Upeniece, Ilze;Dažādu ādas lichen planus klīniski morfoloģisko apakštipu patoģenētisko mehānismu izpēte;promocijas darba kopsavilkums medicīnas doktora zinātniskā grāda iegūšanai, specialitāte - dermatoloģija;;Rīga;Rīgas Stradiņa universitāte;Medicīna
2018;Upeniece, Ilze;Investigation of Pathogenetic Mechanisms in Various Cutaneous Lichen Planus Clinical Morphological Subtypes;summary of the doctoral thesis for obtaining the degree of a doctor of medicine, speciality - dermatology;;Rīga;Rīgas Stradiņa universitāte;Medicīna
2018;Zariņš, Artūrs;Radiācijas defektu un radiolīzes produktu veidošanās, uzkrāšanās un rekombinācija modificētās divfāžu keramikas tritiju ģenerējošās minilodītēs;promocijas darba kopsavilkums doktora grāda iegūšanai ķīmijas nozarē, apakšnozare: fizikālā ķīmija;;Rīga;Latvijas Universitāte;Ķīmija
2018;Zariņš, Artūrs;Formation, Accumulation and Annihilation of Radiation-Induced Defects and Radiolysis Products in Advanced Two-Phase Ceramic Tritium Breeder Pebbles;summary of doctoral thesis submitted for the degree of Doctor of chemistry, subfield physical chemistry;;Rīga;Latvijas Universitāte;Ķīmija
2018;Mellēna-Bartkeviča, Lauma;Riharda Vāgnera operu režija 21. gadsimtā: cikla “Nībelunga gredzens” Rīgas iestudējumi un to kontekstualizācija;promocijas darba kopsavilkums doktora grāda iegūšanai mākslas zinātņu nozarē, apakšnozare: teātra un kino vēsture un teorija;9789934556401;Rīga;Latvijas Universitāte;Māksla
2018;Logviss, Konstantīns;Pharmacoepidemiologic and Pharmacoecomomic Latvian Study of Rare Diseases and Orphan Drugs;summary of the doctoral thesis for obtaining the degree of a doctor of pharmacy, speciality - social pharmacy;;Rīga;Rīgas Stradiņa universitāte;Farmācija
2018;Logviss, Konstantīns;Latvijā sastopamo reto slimību un to ārstēšanai izmantojamo orfānmedikamentu farmakoepidemioloģiski ekonomisks pētījums;promocijas darba kopsavilkums farmācijas doktora zinātniskā grāda iegūšanai, specialitāte - sociālā farmācija;;Rīga;Rīgas Stradiņa universitāte;Farmācija
2018;Kleber, Daniel Marco-Stefan;Value Co-Creation as a Management Tool to Increase Value Proposition;summary of the doctoral dissertation, discipline: management science, sub-discipline: business management;9789984746234;Rīga;Banku augstskola;Vadībzinātnes
2018;Zole, Egija;Mitohondrālās DNS un telomēru garuma izmaiņas un to saistība, cilvēku populācijai novecojot;promocijas darba kopsavilkums doktora grāda iegūšanai bioloģijas nozarē, apakšnozare: molekulārā bioloģija;;Rīga;Latvijas Universitāte;Bioloģija
2018;Zole, Egija;Interrelation of Mitochondrial DNA and Telomere Lenght Alterations in Ageing Human Population;summary of doctoral thesis submitted for the degree of doctor of biology, subfield: molecular biology;;Rīga;Latvijas Universitāte;Bioloģija
2018;Krieviņa, Gita;Nieru sīnusu taukaudu asimetriskas uzkrāšanās saistība ar agrīnu nieru bojājumu biomarķieru līmeni serumā;promocijas darba kopsavilkums doktora grāda iegūšanai bioloģijas nozarē, apakšnozare: cilvēka un dzīvnieku fizioloģija;;Rīga;Latvijas Universitāte;Bioloģija
2018;Fokins, Vladimirs;Konvencionālas un ultrasonoskopiski asistētas ķirurģijas iespējas akūta nekrotiska pankreatīta ārstēšanā;"divu metožu salīdzinājums; promocijas darba kopsavilkums medicīnas doktora zinātniskā grāda iegūšanai, specialitāte - ķirurģija";;Rīga;Rīgas Stradiņa universitāte;Medicīna
2018;Fokins, Vladimirs;Conventional and Ultrasound-Assisted Focused Open Necrosectomy in the Treatment of Necrotizing Pancreatitis;"comparison of two methods; summary of the doctoral thesis for obtaining the degree of a doctor of medicine";;Rīga;Rīgas Stradiņa universitāte;Medicīna
2018;Paegle, Edgars;Fused Selebophenes: Strategy and Perspectives;summary of doctoral thesis submitted for the degree of doctor of chemistry, subfield of organic chemistry;;Rīga;Latvijas Universitāte;Ķīmija
2018;Paegle, Edgars;Kondensēti selenofēni: stratēģija un perspektīvas;promocijas darba kopsavilkums doktora grāda iegūšanai ķīmijas nozarē, apakšnozare: organiskā ķīmija;;Rīga;Latvijas Universitāte;Ķīmija
2018;Drunka, Reinis;Modificētu TiO2 fotokatalizatoru izstrāde un to īpašības;promocijas darba kopsavilkums doktora grāda iegūšanai ķīmijas nozarē, apakšnozare: neorganiskā ķīmija;;Rīga;Latvijas Universitāte;Ķīmija
2018;Drunka, Reinis;Synthesis and Properties of Modified TiO2 Photocatalysts;summary of doctoral thesis submitted for the degree of doctor of chemistry, subfield inorganic chemistry;;Rīga;Latvijas Universitāte;Ķīmija
2018;Silkāne, Vineta;Prokrastinācijas, diskontēšanas un personības iezīmju saistība ar veselības uzvedību;promocijas darba kopsavilkums doktora grāda iegūšanai psiholoģijas nozarē, apakšnozare: sociālā psiholoģija;;Rīga;Latvijas Universitāte;Psiholoģija
2018;Dilmukhametov, Salavat;Neklasificēti līgumi Kazahstānas, Latvijas un Vācijas civiltiesību jomā: salīdzinošā juridiskā analīze;promocijas darba kopsavilkums zinātniskā doktora grāda iegūšanai tiesību zinātne, apakšnozare - civiltiesības;;Rīga;BALTIJAS STARPTAUTISKĀ AKADĒMIJA;Juridiskās zinātnes
2018;Tomme-Jukēvica, Ingēra;Bilingvālo rusofono pirsskolas vecuma bērnu latviešu runas specifika;promocijas darba kopsavilkums filoloģijas doktora zinātniskā grāda iegūšanai valodniecības nozares lietišķās valodniecības apakšnozarē;;Ventspils;Ventspils augstskola;Filoloģija
2018;Rotkaja, Oksana;Study of Chromatographic Behaviour of Proteins in Reversed-Phase High-Performance Liquid Chromatography Conditions;summary of doctoral thesis submitted for the degree of doctor of chemistry, subfield: physical chemistry;;Rīga;Latvijas Universitāte;Ķīmija
2018;Rotkāja, Oksana;Proteīnu hromatogrāfiskās izturēšanās izpēte apgrieztās fāzes augsti efektīvās šķidrumu hromatogrāfijas apstākļos;promocijas darba kopsavilkums doktora grāda iegūšnai ķīmijas nozare, apakšnozare: fizikālā ķīmija;;Rīga;Latvijas Universitāte;Ķīmija
2018;Zeibote, Zane;Klasteri kā reģionālo politiku un konkurētspēju ietekmējošs faktors = Clusters as a factor influencing regional policy and competitiveness;promocijas darba kopsavilkums ekonomikas doktora (Ph.D.) zinātniskā grāda iegūšanai, zinātnes apakšnozare: reģionālā ekonomika;9789984471600;Rīga;BALTIJAS STARPTAUTISKĀ AKADĒMIJA;Ekonomika
2018;Aļijevs, Balajars;Inovācijas procesu ietekme uz Latvijas kuģu būves nozares konkurētspēju = Influence of innovation processes on the competitiveness of the Latvian shipbuilding industry;promocijas darba kopsavilkums ekonomikas doktora (Dr. oec.) zinātniskā grāda iegūšanai;9789984471617;Rīga;BALTIJAS STARPTAUTISKĀ AKADĒMIJA;Ekonomika
2018;Rozentāle, Irina;Development and Application of Sensitive Mass Spectrometric Methods for the Effective Determination of Polycyclic Aromatic Hydrocarbons in Food;summary of doctoral thesis submitted for the degree of doctor of chemistry, subfield of analytical chemistry;;Rīga;Latvijas Universitāte;Ķīmija
2018;Rozentāle, Irina;Jutīgo masspektrometrisko metožu izstrāde un pielietojums policiklisko aromātisko ogļūdeņražu efektīvai noteikšanai pārtikā;promocijas darba kopsavilkums doktora grāda iegūšanai ķīmijas nozarē, analītiskās ķīmijas apakšnozarē;;Rīga;Latvijas Universitāte;Ķīmija
2018;Aizstrauta, Dace;Integrated Technology Acceptance and Sustainability Assessment Model;summary of doctoral thesis;;Valmiera;Vidzemes Augstskola;Inženierzinātne
2018;Aizstrauta, Dace;Integrētais tehnoloģiju pieņemšanas un ilgtspējas novērtēšanas modelis;promocijas darba kopsavilkums;;Valmiera;Vidzemes Augstskola;Inženierzinātne
2019;Sīle, Tija;Vēja plūsmas Baltijas jūras Kurzemes piekrastē;promocijas darba kopsavilkums doktora grāda iegušanai fizikā, apakšnozare: šķidrumu un gāzu mehānika;9789934183164;Rīga;Latvijas Universitāte;Fizika
2019;Zubkins, Mārtiņš;Caurspīdīgu un elektrovadošu pārklājumu uz ZnO bāzes izgatavošanas procesa izstrāde un īpašību pētījumi;promocijas darba kopsavilkums doktora grāda iegūšanai fizikas nozarē, apakšnozare: cietvielu fizika;9789934183294;Rīga;Latvijas Universitāte;Fizika
2019;Vidinejevs, Sergejs;Polimēru kompozītmateriāli ar bioinspirētām funkcijām: izstrādāšana un raksturīpašības;promocijas darba kopsavilkums doktora grāda iegūšanai fizikas nozarē, apakšnozare: materiālu fizika;9789934183386;Rīga;Latvijas Universitāte;Fizika
2019;Kosmača, Jeļena;Rezonanses izmantošana nanomateriālu un nanoelektromehānisko sistēmu (NEMS) raksturošanai;promocijas darba kopsavilkums doktora grāda iegūšanai fizikas nozarē, apakšnozare: materiālu fizika;9789934183485;Rīga;Latvijas Universitāte;Fizika
2019;Ceple, Ilze;Metodes grupēšanas procesu pētījumiem centrālajā redzes laukā un perifērijā;promocijas darba kopsavilkums doktora grāda iegūšanai fizikas nozarē, apakšnozare: medicīniskā fizika;9789934183546;Rīga;Latvijas Universitāte;Fizika
2019;Alomar, Iyad;Pētījums par alternatīvām metodēm virszemes transportlīdzekļu kustības kontrolei lidostās;"promocijas darba kopsavilkums izvirzīts inženierzinātņu doktora (Dr.sc.ing.) zinātniskā grāda iegūšanai, zinātņu nozare ""Transports un satiksma"", apakšnozare ""Telemātika un loģistika""";9789984818900;Rīga;Transporta un sakaru institūts;Inženierzinātne
2019;Kļava, Gunta;Migrācijas procesu sociolingvistiskie aspekti;promocijas darba kopsavilkums filoloģijas doktora grāda iegūšanai valodniecības nozarē, apakšnozare: vispārīgā valodniecība;9789934183874;Rīga;Latvijas Universitāte;Filoloģija
2019;Rozenvalde, Kertu;Daudzlīmeņu valodas politika augstākajā izglītībā Igaunijā un Latvijā:  nacionālās universitātes;promocijas darba kopsavilkums Doktora grāda iegūšanai valodniecības nozarē Apakšnozare: vispārīgā valodniecība;9789934183881;Rīga;Latvijas Universitāte;Filoloģija
2019;Krastiņš, Jēkabs;Perioperative Dynamics of Renal Functional and Structural Damage Markers in Children, Undergoing Open Heart Surgery;summary of the doctoral thesis for obtaining the degree of a doctor of medicine, speciality - anaesthesiology and intensive care;;Rīga;Rīgas Stradiņa universitāte;Medicīna
2019;Krastiņš, Jēkabs;Nieru funkcionālā un strukturālā bojājuma marķieru perioperatīvā dinamika bērniem ar iedzimtām sirdskaitēm pēc to korekcijas mākslīgā asinsritē;promocijas darba kopsavilkums medicīnas doktora zinātniskā grāda iegūšanai, specialitāte - anestezioloģija un reanimatoloģija;;Rīga;Rīgas Stradiņa universitāte;Medicīna
2019;Veide, Mārtiņš;Mācīšanās no eksistenciālās pieredzes dzīves kvalitātei;promocijas darba kopsavilkums doktora grāda iegūšanai pedagoģijas nozarē, apakšnozare: nozaru pedagoģija (psiholoģiskā pedagoģija);9789934183898;Rīga;Latvijas Universitāte;Pedagoģija
2019;Bobiļeva, Olga;Hidroksikarbonskābju receptoru sintētisko ligandu pētījumi;promocijas darba kopsavilkums;9789934222160;Rīga;Rīgas Tehniskā universitāte;Ķīmija
2019;Leitis, Zigmārs;Jaunas metodes hirālu 4-aril-3,4-dihidrokumarīnu sintēzē;promocijas darba kopsavilkums;9789934222184;Rīga;Rīgas Tehniskā universitāte;Ķīmija
2019;Lazdoviča, Kristīne;Graudkopības atlikumu vidēji ātrā pirolīze;promocijas darba kopsavilkums;9789934222207;Rīga;Rīgas Tehniskā universitāte;Ķīmija
2019;Bernāns, Alvis;Staru terapijas ar lēzeniem dozas gradientiem verificēšana;promocijas darba kopsavilkums doktora grāda iegūšanai fizikas nozarē, apakšnozare: medicīniskā fizika;9789934183966;Rīga;Latvijas Universitāte;Fizika
2019;Manowicz, Adam-Alexander;Customer Value of Connected Remote Services and Their Impact on Car Servicing Loyalty;summary of doctoral thesis submitted for the doctor’s degree in management science subfield: business management;9789934183973;Rīga;Latvijas Universitāte;Vadībzinātnes
2019;Persidskis, Ainārs;Noziedzīgu nodarījumu kopība;"promocijas darba kopsavilkums studiju programmā ""Juridiskā zinātne"" izstrādāts doktora grāda iegūšanai tiesību zinātnes nozarē, krimināltiesību apakšnozarē";;Rīga;Biznesa augstskola Turība;Tiesību zinātne
2019;Persidskis, Ainārs;Aggregation of Criminal Offences;synopsys of the doctoral thesis study programme: Law sciences, for award of doctor`s degree in law sciences, sub branch: criminal law;;Rīga;Biznesa augstskola Turība;Tiesību zinātne
2019;Nikolājeva, Iveta;Laulāto mantisko attiecību institūta - pūra - vēsturiskā evolūcija un vieta mūsdienu kontinentālo tiesību saimē;"promocijas darba kopsavilkums studiju programmā ""Juridiskā zinātnre"" izstrādāts zinātniskā doktora grāda iegūšanai tiesību zinātnes tiesību vēstures apakšnozarē";;Rīga;Biznesa augstskola Turība;Juridiskās zinātnes
2019;Nikolājeva, Iveta;Historical Evolution of the Institution of Pecuniary Relationship of Spouses - Dowry - and Place in the Family of Modern Continental Law;"summary of doctoral thesis study programme ""Law"" developed for award of doctor`s degree in subsection ""History of Law"" of the legal science";;Rīga;Biznesa augstskola Turība;Juridiskās zinātnes
2019;Auziņa, Anna;Sievietes pieredze un valoda: Vizmas Belševicas, Ārijas Elksnes un Montas Kromas dzeja laikmeta kontekstā;promocijas darba kopsavilkums Filoloģijas doktora grāda iegūšanai literatūrzinātnes nozarē Apakšnozare: literatūras vēsture;9789934184017;Rīga;Latvijas Universitāte;Literatūrzinātne
2019;Dembovska, Laura;Sārmu aktivizēti karstumturīgie alumosilikātu kompozītmateriāli industriālam pielietojumam;promocijas darba kopsavilkums;9789934222320;Rīga;Rīgas Tehniskā universitāte;Inženierzinātne
2019;Brazdausks, Prans;Furfurola iegūšana no industriālās kaņepes spaļiem biorafinēšanas sistēmas priekšapstrādes posmā;promocijas darba kopsavilkums;9789934222344;Rīga;Rīgas Tehniskā universitāte;Inženierzinātne
2019;Salimbajevs, Askars;Latviešu valodas modelēšana automātiskai runas atpazīšanai;promocijas darba kopsavilkums datorzinātņu doktora (Dr.sc.comp.) zinātniskā grāda iegūšanai nozare: datorzinātnes, apakšnozare: datoru un sistēmu programmatūra;;Rīga;Latvijas Universitāte;Datorzinātne
2019;Ozola, Aija;Melanoma Predisposition Genes in the Latvian Population;summary of doctoral thesis submitted for the degree of doctor of biology, subfield molecular biology;;Rīga;Latvijas Universitāte;Bioloģija
2019;Ozola, Aija;Melanomas predispozīcijas gēni Latvijas populācijā;promocijas darba kopsavilkums doktora grāda iegūšanai bioloģijas nozarē, apakšnozare: molekulārā bioloģija;;Rīga;Latvijas Universitāte;Bioloģija
2019;Bogdane, Ruta;Lidojumu drošības līmeņa likumsakarību ar ražošanas faktoriem aviokompānijā analīzes modeļa izstrāde;promocijas darba kopsavilkums;9789934222405;Rīga;Rīgas Tehniskā universitāte;Inženierzinātne
2019;Stukāns, Juris;Mantas atzīšanas par noziedzīgi iegūtu tiesiskais regulējums un tā piemērošanas problemātika;promocijas darba kopsavilkums tiesību doktora zinātniskā grāda iegūšanai, apakšnozare - krimināltiesības;;Rīga;Rīgas Stradiņa universitāte;Tiesību zinātne
2019;Stukāns, Juris;The Legal Framework for Recognising Property as Criminally Acquired and the Issues Related to it;summary of the doctoral thesis for obtaining the degree of a doctor of law, subsection - criminal law;;Rīga;Rīgas Stradiņa universitāte;Tiesību zinātne
2019;Bočs, Lauris;The Legal Regulation of the European Union's Financial Sector: Problems and Possible Solutions;summary of the doctoral thesis for obtaining the degree of a doctor of law, subsection - international law;;Rīga;Rīgas Stradiņa universitāte;Tiesību zinātne
2019;Bočs, Lauris;Eiropas Savienības finanšu sektora tiesiskais regulējums: problēmas un iespējamie risinājumi;promocijas darba kopsavilkums tiesību doktora zinātniskā grāda iegūšanai, apakšnozare - starptautiskās tiesības;;Rīga;Rīgas Stradiņa universitāte;Tiesību zinātne
2019;Brauners, Indulis;Heterobasidion izraisītā sakņu trupe maza diametra skujkoku celmos;promocijas darba kopsavilkums Dr.silv. zinātniskā grāda iegūšanai;;Jelgava;Latvijas Lauksaimniecības universitāte;Mežzinātne
2019;Dēķena, Dzintra;Plūmju potcelmu ietekme uz šķirņu ziemcietību un ražu;promocijas darba kopsavilkums Dr.agr. zinātniskā grāda iegūšanai;;Jelgava;Latvijas Lauksaimniecības universitāte;Lauksaimniecība
2019;Kinēns, Artis;Hirāli DMAP atvasinājumi kā Lūisa bāzes katalizatori;promocijas darba kopsavilkums doktora grāda iegūšanai ķīmijas nozarē, apakšnozare: organiskā ķīmija;9789934184055;Rīga;Latvijas Universitāte;Ķīmija
2019;Šepeļevs, Igors;Potato Processing By-Product Evaluation for Microencapsulated Phenolic Compound Production;summary of the Doctoral Dissertation for the scientific degree of Dr.sc.ing.;;Jelgava;Latvijas Lauksaimniecības universitāte;Inženierzinātne
2019;Mālniece, Aija;Jauna veida austas kompozīta materiāla aortas protēzes biointegrācija suņa vēdera aortā;promocijas darba kopsavilkums Dr.med.vet. zinātniskā grāda iegūšanai;;Jelgava;Latvijas Lauksaimniecības universitāte;Veterinārmdecīna
2019;Polmanis, Kaspars;Skujbires (Lophodermium spp.) ietekme uz parastās priedes (Pinus sylvestris L.) jaunaudžu morfometriskajiem parametriem;promocijas darba kopsavilkums Dr.silv. zinātniskā grāda iegūšanai Mežzinātnes nozarē Meža ekoloģijas un mežkopības apakšnozarē;;Jelgava;Latvijas Lauksaimniecības universitāte;Mežzinātne
2019;Vanaga, Ruta;Klimatam adaptīvas fasāžu sistēmas risinājums gandrīz nulles enerģijas ēkām: biomimikrijas principu lietojums;promocijas darba kopsavilkums;9789934222498;Rīga;Rīgas Tehniskā universitāte;Vides zinātne
2019;Žavtkēvičs, Vladislavs;Tālvadības gaisa kuģu pielietošana jūras akvatorijas ekoloģiskajā monitoringa uzdevumu risināšanai;promocijas darba kopsavilkums;9789934222603;Rīga;Rīgas Tehniskā universitāte;Inženierzinātne
2019;Moškins, Igors;Energoobjektu attīstības uzdevumu atrisināšana tirgus ekonomikas un nenoteiktības apstākļos;promocijas darba kopsavilkums;9789934222641;Rīga;Rīgas Tehniskā universitāte;Inženierzinātne
2019;Veckalns, Viesturs;Virsotnes kvarku pāra sabrukšanas ceļā radušos krāsu plūsmu pētījumi ar 13 TeV CERN LHP KMS eksperimentā;promocijas darba kopsavilkums;9789934222689;Rīga;Rīgas Tehniskā universitāte;Inženierzinātne
2019;Vītola, Virgīnija;Elektroniskie ierosinājumi un procesi luminiscentā ilgi spīdošā SrAl2O4 materiālā;promocijas darba kopsavilkums doktora grāda iegūšanai fizikas nozarē, apakšnozare: materiālu fizika;9789934184123;Rīga;Latvijas Universitāte;Fizika
2019;Zelča, Zane;Kaņepju bāzes kompozītu sortimenta paplašināšana un tehnoloģiju optimizācija;promocijas darba kopsavilkums;9789934222726;Rīga;Rīgas Tehniskā universitāte;Inženierzinātne
2019;Andersone, Džena;Personas datu aizsardzības krimināltiesiskie aspekti;promocijas darba kopsavilkums doktora grāda iegūšanai tiesību zinātņu nozarē;9789934184147;Rīga;Latvijas Universitāte;Tiesību zinātne
2019;Beinerts, Toms;MHD sistēmu ar rotējošiem magnētiskajiem dipoliem radīto hidrodinamisko plūsmu izpēte;promocijas darba kopsavilkums doktora grāda iegūšanai fizikas nozarē apakšnozare: šķidrumu un gāzu mehānika;9789934184161;Rīga;Latvijas Universitāte;Fizika
2019;Fjodorovs, Jegors;Riska prognozēšana nepārtraukto laika modeļu ietvaros tehnoloģiju un tirgus novērtēšanai;;9789934222764;Rīga;Rīgas Tehniskā universitāte;Inženierzinātne
2019;Janeliukštis, Rims;Uz pašsvārstību formu pārveidojumiem un uzraudzīto mašīnapmācību balstītā konstrukciju bojājumu identifikācija;promocijas darba kopsavilkums;9789934222801;Rīga;Rīgas Tehniskā universitāte;Inženierzinātne
2019;Meile, Kristīne;Koksnes pirolīzes kondensātu preparatīva sadalīšana un analīze ar šķidruma hromatogrāfijas metodēm;promocijas darba kopsavilkums doktora grāda iegūšanai ķīmijas nozarē, apakšnozare: analītiskā ķīmija;;Rīga;Latvijas Universitāte;Ķīmija
2019;Laizāne, Inga;Latviešu valoda kā svešvaloda: lingvodidaktikas virziena attīstība Latvijā un ārpus tās;promocijas darba kopsavilkums filoloģijas doktora grāda iegūšanai valodniecības zinātņu nozares lietišķās valodniecības apakšnozarē;9789934569562;Liepāja;Liepājas Universitāte;Filoloģija
2019;Celmiņa-Ķeirāne, Austra;Latviešu mitoloģija vizuālā un verbālā tekstā (1880-1945);promocijas darba kopsavilkums doktora grāda iegūšanai folkloristikā, apakšnozare: mitoloģija;9789934556432;Rīga;Latvijas Universitāte;Filoloģija
2019;Gončars, Valdis;Ceļa un gūžas locītavas osteoartrīta ārstēšana izmantojot kaulu smadzeņu mononukleārās šūnas;promocijas darba kopsavilkums doktora grāda iegūšanai medicīnas nozarē, ortopēdijas apakšnozarē;9789934184345;Rīga;Latvijas Universitāte;Medicīna
2019;Petroviča, Sintija;Pedagoģiskā moduļa realizācija emocionāli intelektuālā mācību sistēmā;promocijas darba kopsavilkums;9789934222856;Rīga;Rīgas Tehniskā universitāte;Inženierzinātne
2019;Beriņš, Jānis;Okeāna un jūras viļņu enerģētikas iespējas un attīstība;promocijas darba kopsavilkums;9789934222894;Rīga;Rīgas Tehniskā universitāte;Inženierzinātne
2019;Neimane, Leila;Ietekmes uz vidi novērtējuma tiesiskā regulējuma aktuālas problēmas;promocijas darba kopsavilkums doktora grāda iegūšanai juridiskajā nozarē, apakšnozare: civiltiesības;9789934184369;Rīga;Latvijas Universitāte;Juridiskās zinātnes
2019;Dumbrauska, Anita;Dvīņu (7 - 10 gadi) individualitātes audzināšana/ pašaudzināšana ģimenē;promocijas darba kopsavilkums doktora grāda iegūšanai pedagoģijā, apakšnozare: ģimenes pedagoģija;9789934569586;Liepāja;Liepājas Universitāte;Pedagoģija
2019;Tirzīte, Madara;Izelpas gaisa analīze ar mākslīgās ožas ierīci plaušu vēža diagnostikai;promocijas darba kopsavilkums doktora grāda iegūšanai medicīnas zinātnes nozarē, apakšnozare: internā medicīna;9789934184376;Rīga;Latvijas Universitāte;Medicīna
2019;Valdats, Māris;Galīgu automātu pārejas funkcijas sarežģītība;promocijas darba kopsavilkums doktora grāda iegūšanai datorzinātnē, apakšnozare: datorzinātnes matemātiskie pamati;;Rīga;Latvijas Universitāte;Datorzinātne
2019;Valdats, Māris;Transition Function Complexity of Finite Automata;summary of the doctoral thesis submitted for the doctoral degree in computer science, subfield: mathematical foundations of computer science;;Rīga;Latvijas Universitāte;Datorzinātne
2019;Rikters, Matīss;Hibrīda mašīntulkošana, kombinējot vairāku mašīntulkošanas sistēmu rezultātus;promocijas darba kopsavilkums doktora grāda iegūšanai datorzinātnes nozarē, apakšnozare: datoru un sistēmu programmatūra;;Rīga;Latvijas Universitāte;Datorzinātne
2019;Kurbatska, Inna;Modulācijas formātu novērtējums nākamās paaudzes šķiedru optiskajām piekļuves sakaru sistēmām;promocijas darba kopsavilkums;9789934222993;Rīga;Rīgas Tehniskā universitāte;Inženierzinātne
2019;Stars, Inese;Pusaudžu veselībpratības konceptualizācija veselības izglītības diskursā;promocijas darba kopsavilkums doktora grāda iegūšanai pedagoģijas nozarē, apakšnozare: vispārīgā pedagoģija;9789934184406;Rīga;Latvijas Universitāte;Pedagoģija
2019;Lavrinoviča, Ingrīda;Jaunās paaudzes ar retzemju elementiem leģēto optisko šķiedru pastiprinātāju izstrāde un novērtējums;promocijas darba kopsavilkums;9789934223037;Rīga;Rīgas Tehniskā universitāte;Inženierzinātne
2019;Bezrukovs, Deniss;Vēja enerģijas resursu pētījums un vēja enerģijas projektu ekonomiskās iespējamības novērtējums;promocijas darba kopsavilkums;9789934223099;Rīga;Rīgas Tehniskā universitāte;Enerģētika
2019;Bezrukovs, Deniss;The Study of Wind Energy Resource and the Assessment of the Economic Feasibility of Wind Energy Projects;summary of the doctoral thesis;9789934223112;Rīga;Rīgas Tehniskā universitāte;Enerģētika
2019;Haas, Franz;Impact of Cultural Differences on Market Entry Into China for Austrian Small and Medium Sized Enterprises;summary of doctoral thesis submitted for the Doctor’s degree in management science, subfield: business management;9789934184420;Rīga;Latvijas Universitāte;Vadībzinātnes
2019;Stadler, Barbara;Influence of Stakeholders in Decision Making Processes in Hospitals with Regard to Patient Safety Culture;summary of doctoral thesis submitted for the doctor’s degree in management science, subfield: business management;9789934184437;Rīga;Latvijas Universitāte;Vadībzinātnes
2019;Kamran, Qeis;Developinga Holistic Model for Competitive Strategic Management;summary of doctoral thesis submitted for the doctor's degree in management science, subfield: business management;9789934184444;Rīga;Latvijas Universitāte;Vadībzinātnes
2019;Bukovskis, Kārlis;Ārvalstu privātās bankas kā eiropeizācijas aģenti: Latvijas piemērs no 1995. līdz 2004. gadam;promocijas darba kopsavilkums politikas doktora zinātniskā grāda iegūšanai, specialitāte - starptautiskā politika;;Rīga;Rīgas Stradiņa universitāte;Politika
2019;Leitāne, Linda;Arhitektūras konkursi Latvijā;promocijas darba kopsavilkums;9789934223150;Rīga;Rīgas Tehniskā universitāte;Arhitektūra
2019;Derkevica-Pilskunga, Jolanta;Domino efekta teorija un tiesiskais regulējums: komunikācija riska un krīzes situācijās – ietekme uz Latvijas uzņēmumiem;promocijas darba kopsavilkums, komunikācijas zinātņu doktora studiju programma komunikācijas vadībā;9789934543203;Rīga;Biznesa augstskola Turība;Komunikācijas zinātne
2019;Iļjina, Alla;Ārējās vides ietekmes uz mārketinga kompleksu Latvijas kultūras nozarē novērtējums;promocijas darba kopsavilkums ekonomikas doktora (Ph.D) zinātniskā grāda iegūšanai, zinātnes apakšnozare: tirgzinība;9789984471839;Rīga;BALTIJAS STARPTAUTISKĀ AKADĒMIJA;Ekonomika
2019;Ņikitjuka, Anna;Metaloproteināžu HDAC un ADAM potenciālo inhibitoru iegūšana un ar to saistīta sintēzes metožu izveide;promocijas darba kopsavilkums doktora grāda iegūšanai ķīmijas nozarē, apakšnozare: organiskā ķīmija;;Rīga;Latvijas Universitāte;Ķīmija
2019;Krickis, Otto;Gāzveida kurināmā degšanas kontroles metodoloģija intensīvajā  elektrostatiskajā laukā;promocijas darba kopsavilkums;9789934222832;Rīga;Rīgas Tehniskā universitāte;Inženierzinātne
2019;Goreļikovs, Dmitrijs;Bezpilota aviācijas kompleksa kartogrāfiskās informācijas datu ieguves sistēmas izstrāde drošai kuģu navigācijai;promocijas darba kopsavilkums;9789934223235;Rīga;Rīgas Tehniskā universitāte;Inženierzinātne
2019;Kronberga, Ilona;Nepilngadīgo personu likumpārkāpumu prevencija kā kriminālsoda mērķis;promocijas darba kopsavilkums doktora grāda iegūšanai tiesību zinātņu nozarē, apakšnozare: krimināltiesības;9789934184536;Rīga;Latvijas Universitāte;Tiesību zinātne
2019;Dimitrijevs, Maksims;Varbūtiskās skaitļošanas un pārbaudes pārākums pār Tjūringa mašīnām;promocijas darba kopsavilkums doktora grāda iegūšana datorzinātnes nozarē, apakšnozare: datorzinātnes matemātiskie pamati;;Rīga;Latvijas Universitāte;Datorzinātne
2019;Dimitrijevs, Maksims;Probabilistic Computation And Verification Beyond Turing Machines;summary of doctoral thesis submitted for the degree of doctor of computer science, subfield of mathematical foundations of computer science;;Rīga;Latvijas Universitāte;Datorzinātne
2019;Pastars, Kalvis;Primāras mutes dobuma rekonstrukcijas ar mikrovaskulāriem lēveriem pacientiem ar mutez vēzi vēlīnās stadijās, ietekme uz pacientu dzīvildzi un dzīves kvalitāti;promocijas darba kopsavilkums medicīnas doktora zinātniskā grāda iegūšanai, specialitāte - plastikas ķirurģija;;Rīga;Rīgas Stradiņa universitāte;Medicīna
2019;Brūvere, Ilona;Principi, kuri pamato skolotāju uzskatu maiņu par skolēniem ar uzvedības atbalsta vajadzībām;promocijas darba kopsavilkums doktora grāda iegūšanai pedagoģijas nozarē, apakšnozare: skolas pedagoģija;9789934556487;Rīga;Latvijas Universitāte;Pedagoģija
2019;Jakovļevs, Oļegs;Dinamisko procesu analīze kriostatos ar elektromašīnu dzesēšanu;promocijas darba kopsavilkums;9789934223334;Rīga;Rīgas Tehniskā universitāte;Inženierzinātne
2019;Dāboliņš, Jānis;Intelektuāla mācību sistēma datorizētās projektēšanas sistēmu lietojuma novērtēšanai;promocijas darba kopsavilkums;9789934223389;Rīga;Rīgas Tehniskā universitāte;Datorzinātne
2019;Grietēna, Aija;Ainavu telpas un iekštelpas mijiedarbe Latvijas izglītības un mākslas ēku arhitektūrā;promocijas darba kopsavilkums Dr.arch. zinātniskā grāda iegūšanai;;Jelgava;Latvijas Lauksaimniecības universitāte;Arhitektūra
2019;Šinkus, Tatjana;Transformatīvā mācīšanās profesionālās angļu valodas kompetences attīstībai uzņēmējdarbības vadības studijās;promocijas darba kopsavilkums pedagoģijas doktora (Dr.paed.) zinātniskā grāda iegūšanai;;Jelgava;Latvijas Lauksaimniecības universitāte;Pedagoģija
2019;Jumakova, Anastasija;Bērna tiesību uz identitāti ģenēze Latvijā un to apdraudējums adopcijas tiesiskā regulējuma kontekstā;promocijas darba kopsavilkums doktora grāda iegūšanai juridiskās zinātnes nozarē, apakšnozare: tiesību teorija un vēsture;9789934184581;Rīga;Latvijas Universitāte;Juridiskās zinātnes
2019;Stepčenko, Artūrs;Nelineāru un nestacionāru normalizēta veģetācijas indeksa laika rindu prognozēšanas sistēmas izstrādāšana;promocijas darba kopsavilkums;9789934223457;Rīga;Rīgas Tehniskā universitāte;Inženierzinātne
2019;Bormane, Santa;Integrētā mārketinga komunikācija Latvijas pārtikas mazumtirdzniecības veikalu ķēžu uzņēmumos ilgtspējīgas attīstības kontekstā;promocijas darba kopsavilkums doktora grāda iegūšanai ekonomikas nozarē, apakšnozare: tirgzinība;9789934184611;Rīga;Latvijas Universitāte;Ekonomika
2019;Pirta, Rūta;Informācijas sistēmu izmaiņu novērtēšana uzņēmuma arhitektūras kontekstā;promocijas darba kopsavilkums;9789934223501;Rīga;Rīgas Tehniskā universitāte;Inženierzinātne
2019;Driņķe, Zane;Latvijas mazo un vidējo uzņēmumu konkurētspējas paaugstināšanas iespējas kvalitātes vadības sistēmas piemērošanas rezultātā;promocijas darba kopsavilkums doktora grāda iegūšanai vadībzinātnes nozarē, uzņēmējdarbības vadības apakšnozarē;;Rīga;Biznesa augstskola Turība;Vadībzinātnes
2019;Vanags, Andris;Mazo un vidējo uzņēmumu konkurētspējas paaugstināšanas iespējas, izmantojot partnerības pilnveidošanas modeli;"promocijas darba kopsavilkums studiju programmā: uzņēmējdarbības vadība; promocijas darbs izstrādāts doktora zinātniskā grāda iegūšanai vadībzinātnē";;Rīga;Biznesa augstskola Turība;Vadībzinātnes
2019;Gediņa, Linda;Valodas struktūra Martina Heidegera eksistenciālajā analītikā un tās poētiskie aspekti;promocijas darba kopsavilkums doktora grāda iegūšanai filozofijas nozarē, apakšnozare: filozofijas vēsture;;Rīga;Latvijas Universitāte;Filozofija
2019;Veselova, Andžela;Latvijas uzņēmumu darbības kvalitātes vērtējums un tā pilnveidošanas iespējas konkurētspējas paaugstināšanai;promocijas darba kopsavilkums doktora grāda iegūšanai vadībzinātnē, apakšnozare: uzņēmējdarbības vadība;9789934184659;Rīga;Latvijas Universitāte;Vadībzinātnes
2019;Līce, Anita;Managing Facilitation of Employability of Vocational Education Graduates in Latvia;summary of the doctoral thesis submitted for the degree of doctor in management  sub-branch: education management;9789934184673;Rīga;Latvijas Universitāte;Vadībzinātnes
2019;Ļeonova, Elīna;1,4-dihidropiridīna atvasinājumu un nukleozīdu analogu DNS mijiedarbības un pasargāšanas īpašības;promocijas darba kopsavilkums doktora grāda iegūšanai bioloģijas nozarē, apakšnozare: molekulārā bioloģija;;Rīga;Latvijas Universitāte;Bioloģija
2019;Leitāns, Jānis;Ogļskābes anhidrāžu strukturālie pētījumi specifisku inhibitoru dizainam;promocijas darba kopsavilkums doktora grāda iegūšanai bioloģijā, molekulārās bioloģijas apakšnozarē;;Rīga;Latvijas Universitāte;Bioloģija
2019;Ošiņa, Kristīne;1,4-dihidropiridīna atvasinājumu ietekme uz DNS reparācijas un proteolīzes enzīmu ekspresiju cukura diabēta modelī un DNS divpavedienu pārrāvumu līmeni in vitro;promocijas darba kopsavilkums doktora grāda iegūšanai bioloģijas nozarē, apakšnozare: molekulārā bioloģija;;Rīga;Latvijas Universitāte;Bioloģija
2019;Vihrovs, Jevgēnijs;Kvantu klejošanas un varbūtisko algoritmu ierobežojumi;promocijas darba kopsavilkums doktora grāda iegūšanai datorzinātnes nozarē, apakšnozare: datorzinātnes matemātiskie pamati;;Rīga;Latvijas Universitāte;Datorzinātne
2019;Voļska, Kristīne;Metil-GBB aizsargājošo efektu un darbības mehānismu izpēte diabēta un tā komplikāciju eksperimentālajos modeļos;promocijas darba kopsavilkums farmācijas doktora zinātniskā grāda iegūšanai, specialitāte - farmaceitiskā farmakoloģija;;Rīga;Rīgas Stradiņa universitāte;Farmācija
2019;Hofmanis, Juris;Iekaisīgie un neiekaisīgie riska faktori iegūtas aortas vārstuļa stenozes gadījumā;promocijas darba kopsavilkums medicīnas doktora zinātniskā grāda iegūšanai, specialitāte - internā medicīna;;Rīga;Rīgas Stradiņa universitāte;Medicīna
2019;Valeiņa, Sandra;Iedzimtas kataraktas heterogenitātes ietekme uz pseidofakiskas acs refrakcijas izmaiņām;promocijas darba kopsavilkums medicīnas doktora zinātniskā grāda iegūšanai, specialitāte - oftalmoloģija;;Rīga;Rīgas Stradiņa universitāte;Medicīna
2019;Siņica-Siņavskis, Juris;Multidimensionālu attēlu spektrālo joslu ekvivalentas redukcijas pieejas objektu klasifikācijai;promocijas darba kopsavilkums doktora grāda iegūšanai datorzinātnes nozarē, apakšnozare: signālu diskrētā apstrāde;9789934184734;Rīga;Latvijas Universitāte;Datorzinātne
2019;Birnleitner, Helmut;Factors Influencing Decision Making in Respect of Fdi in the Automotive Industry;summary of doctoral thesis submitted for the doctor’s degree in management science, subfield: business management;9789934184758;Rīga;Latvijas Universitāte;Vadībzinātnes
2019;Schreder, Christoph;The Impact of Organizational Learning and Human Resource Management on Organizational Performance: the Case of Austrian Business Enterprises;summary of doctoral thesis submitted for the doctor’s degree in management science, subfield: business management;9789934184765;Rīga;Latvijas Universitāte;Vadībzinātnes
2019;Miķelsone, Ilze;Vērtību sistēma arhitektūras praksē;promocijas darba kopsavilkums;9789934223709;Rīga;Rīgas Tehniskā universitāte;Arhitektūra
2019;Vītola, Vineta;Konditorejā lietoto taukvielu stabilitātes pētījumi;promocijas darba kopsavilkums Dr.sc.ing. zinātniskā grāda iegūšanai;;Jelgava;Latvijas Lauksaimniecības universitāte;Inženierzinātne
2019;Konrāde, Daiga;Dārzeņu un augļu blakusprodukti ekstrudētu produktu izstrādē;promocijas darba kopsavilkums Dr.sc.ing. zinātniskā grāda iegūšanai;;Jelgava;Latvijas Lauksaimniecības universitāte;Inženierzinātne
2019;Ivbule, Meldra;Meticilīnrezistentā Staphylococcus aureus sastopamība cūkkopības industrijā;promocijas darba kopsavilkums Dr.med.vet. zinātniskā grāda iegūšanai;;Jelgava;Latvijas Lauksaimniecības universitāte;Veterinārmdecīna
2019;Liepiņš, Jānis;Kokaudžu biomasas noteikšanas metodikas izstrāde un oglekļa uzkrājuma aprēķini Latvijā;promocijas darba kopsavilkums Dr.silv. zinātniskā grāda iegūšanai;;Jelgava;Latvijas Lauksaimniecības universitāte;Mežzinātne
2019;Terļecka, Gaļina;Cilvēka kustību enerģijas pārveidotāja integrēšana apģērbā;promocijas darba kopsavilkums;9789934223761;Rīga;Rīgas Tehniskā universitāte;Inženierzinātne
2019;Vekšins, Armands;Suņu elkoņa locītavas un tās saliecējmuskuļu morfometriskās īpatnības datortomogrāfijas attēlā mediālā koronoīda izauguma slimības gadījumā;promocijas darba kopsavilkums Dr.med.vet. zinātniskā grāda iegūšanai;;Jelgava;Latvijas Lauksaimniecības universitāte;Veterinārmdecīna
2019;Freimanis, Andris;Plaisu attīstības aplēse, izmantojot modālo analīzi peridinamikas teorijā;promocijas darba kopsavilkums;9789934223822;Rīga;Rīgas Tehniskā universitāte;Inženierzinātne
2019;Rone, Dana;Apdrošināšanas līguma tiesiskais regulējums Latvijā;"promocijas darba kopsavilkums studiju programmā ""Tiesību zinātne"", izstrādāts doktora grāda iegūšanai tiesību zinātnes civiltiesību apakšnozarē";;Rīga;Biznesa augstskola Turība;Tiesību zinātne
2019;Peksis, Kaspars;Deguna ārējo struktūru un elpošanas funkcijas attīstības sakarību izpēte dzīves laikā;promocijas darba kopsavilkums doktora zinātniskā grāda iegūšanai medicīnas nozarē, apakšnozare: internā medicīna;9789934184802;Rīga;Latvijas Universitāte;Medicīna
2019;Junga, Anna;Intraabdominālu saaugumu veidošanās un norises kompleksie morfopatoģenētiskie aspekti bērniem līdz gada vecumam;promocijas darba kopsavilkums medicīnas doktora zinātniskā grāda iegūšanai, specialitāte - morfoloģija;;Rīga;Rīgas Stradiņa universitāte;Medicīna
2019;Paikena, Aiga;Augstu sasniegumu sporta vadība Latvijā;promocijas darba kopsavilkums pedagoģijas doktora grāda iegūšanai veselības un sporta zinātnes nozares sporta teorijas un vēstures apakšnozarē;9789934520426;Rīga;Latvijas Sporta pedagoģijas akadēmija;Pedagoģija
2019;Pulmanis, Toms;Ar pusaudžu pašnāvniecisko uzvedību saistītie faktori Latvijā;promocijas darba kopsavilkums medicīnas doktora zinātniskā grāda iegūšanai, specialitāte - sabiedrības veselība un epidemioloģija;;Rīga;Rīgas Stradiņa universitāte;Medicīna
2019;Dzikēvičs, Miķelis;Saules enerģijas akumulācija ar brīvi stāvošiem fāžu maiņas materiāliem;promocijas darba kopsavilkums;9789934223884;Rīga;Rīgas Tehniskā universitāte;Inženierzinātne
2019;Upnere, Sabīne;Lieljaudas ūdensdzeses sistēmu dinamikas un drošuma izpēte;promocijas darba kopsavilkums;9789934223938;Rīga;Rīgas Tehniskā universitāte;Inženierzinātne
2019;Terehovičs, Edvīns;Enerģijas un ekserģijas indikatori energosistēmu efektivitātes paaugstināšanā;promocijas darba kopsavilkums;9789934223976;Rīga;Rīgas Tehniskā universitāte;Inženierzinātne
2019;Zadorožnijs, Sergejs;Ceļa locītavas endoprotezēšana, pielietojot digitālo plānošanu – prospektīvs, randomizēts, kontrolēts, maskēts pētījums;promocijas darba kopsavilkums doktora grāda iegūšanai medicīnas nozarē, Apakšnozare: ķirurģija;9789934184871;Rīga;Latvijas Universitāte;Medicīna
2019;Ancāns, Guntis;Radiofrekvenču spektra joslas 694–790 MHz izmantošanas iespēju novērtējums bezvadu pārraides sistēmām;promocijas darba kopsavilkums;9789934224034;Rīga;Rīgas Tehniskā universitāte;Inženierzinātne
2019;Saulīte, Mārīte;Podologu karjeras vadības prasmju attīstība studiju procesā;promocijas darba kopsavilkums doktora grāda iegūšanai pedagoģijas nozarē, apakšnozare: augstskolas pedagoģija;9789934556517;Rīga;Latvijas Universitāte;Pedagoģija
2019;Gatan, Shaker Jassem;Vidēja sprieguma iekārtas jaunais dizains – Vakuuma slēgiekārta – Loka slāpēšanas metodes ar papildus bezkontakta pārtraucēja iekārtu;promocijas darba kopsavilkums;9789934224058;Rīga;Rīgas Tehniskā universitāte;Inženierzinātne
2019;Kļavenieks, Kaspars;Metodikas efektīvai atkritumu apsaimniekošanas sektora pārvaldībai;promocijas darba kopsavilkums;9789934224119;Rīga;Rīgas Tehniskā universitāte;Inženierzinātne
2019;Lipenbergs, Elmārs;Ilglaicīgi piemērojama novērtēšanas ietvara izstrāde platjoslas interneta pakalpojuma kvalitātes uzraudzībai;promocijas darba kopsavilkums;9789934224133;Rīga;Rīgas Tehniskā universitāte;Informāciju tehnoloģijas
2019;Lipenbergs, Elmārs;Long-Term Evaluation Framework Elaboration for the Broadband Internet Service Quality Supervision;summary of the doctoral thesis;9789934224157;Rīga;Rīgas Tehniskā universitāte;Informāciju tehnoloģijas
2019;Mārks, Jānis;Vibrāciju modelis mehānisko defektu noteikšanai lieljaudas transformatoru aktīvajā daļā;promocijas darba kopsavilkums;9789934224195;Rīga;Rīgas Tehniskā universitāte;Inženierzinātne
2019;Biukšāne, Inese;Latvijas zivsaimniecības nozares konkurētspējas novērtēšana klastera ietvaros;promocijas darba kopsavilkums;9789934224256;Rīga;Rīgas Tehniskā universitāte;Vadībzinātnes
2019;Biukšāne, Inese;Evaluation of Competitiveness of the Latvian Fisheries Sector in the Framework of the Cluster;summary of the doctoral thesis;9789934224270;Rīga;Rīgas Tehniskā universitāte;Vadībzinātnes
2019;Ročāne, Maija ;Skolēnu pašvadītas mācīšanās veicināšana debašu procesā;promocijas darba kopsavilkums doktora zinātniskā grāda iegūšanai pedagoģijā, apakšnozare: skolas pedagoģija;9789934569708;Liepāja;Liepājas Universitāte;Pedagoģija
2019;Balode, Linda;Rehabilitācijas dārzu un parku ainavtelpas kvalitātes;promocijas darba kopsavilkums Dr.arch. zinātniskā grāda iegūšanai ainavu arhitektūras apakšnozarē;;Jelgava;Latvijas Lauksaimniecības universitāte;Arhitektūra
2019;Savenkovs, Konstantīns;Latvijas nacionālās inovācijas sistēmas sadarbīgā modeļa izveides un attīstības konceptuālās pieejas;promocijas darba kopsavilkums Ekonomikas doktora (Dr.oec.) zinātniskā grāda iegūšanai;9789984471884;Rīga;BALTIJAS STARPTAUTISKĀ AKADĒMIJA;Ekonomika
2019;Upeniece, Vita;Preventīvā kara tiesiskais regulējums un tā piemērošanas problēmas;promocijas darba kopsavilkums tiesību doktora zinātniskā grāda iegūšanai, apakšnozare - starptautiskās tiesības;;Rīga;Rīgas Stradiņa universitāte;Tiesību zinātne
2019;Ozols, Dzintars;Kompleksa pēcoperācijas rezultātu izvērtēšana bērniem ar iedzimtu plaukstas pirmā pirksta hipoplāziju jaunas ķirurģiskas plaukstas rekonstrukcijas metodes pamatojumam;promocijas darbs kopsavilkums medicīnas doktora zinātniskā grāda iegūšanai, specialitāte - bērnu ķirurģija, plastikas ķirurģija un rokas ķirurģija;;Rīga;Rīgas Stradiņa universitāte;Medicīna
2019;Palkova, Karina;Nepilngadīgo pacientu un ārstniecības personu tiesisko attiecību problemātika ārstniecības procesā;promocijas darba kopsavilkums tiesību doktora zinātniskā grāda iegūšanai, apakšnozare - civiltiesības;;Rīga;Rīgas Stradiņa universitāte;Tiesību zinātne
2019;Baumane, Kristīne;Primāras atvērta kakta glaukomas ķirurģiskās ārstēšanas ietekme uz redzes nerva strukturālajiem un funkcionālajiem rādītājiem un saistība ar ātrija nātrijurētiskā peptīda līmeni;promocijas darba kopsavilkums medicīnas doktora zinātniskā grāda iegūšanai, specialitāte - medicīna;;Rīga;Rīgas Stradiņa universitāte;Medicīna
2019;Laivacuma, Sniedze;Ehinokokozes diagnostikas pilnveidošana, izmantojot etioloģiskus, bioķīmiskus, imunoloģiskus un imūnģenētiskus marķierus, un riska faktoru apzināšana Latvijā;promocijas darba kopsavilkums medicīnas doktora zinātniskā grāda iegūšanai, apakšnozare - infektoloģija;;Rīga;Rīgas Stradiņa universitāte;Medicīna
2019;Dokāne, Kristīne;Rododendru un to sakņu endofītisko sēņu mijiedarbības anatomiski fizioloģiskie aspekti un izmantošana rododendru pavairošanā;promocijas darba kopsavilkums doktora grāda iegūšanai bioloģijas nozarē, apakšnozare: augu fizioloģijas;;Rīga;Latvijas Universitāte;Bioloģija
2019;Gulbe, Linda;Koku vainagu automatizēta kartēšana meža inventarizācijai, izmantojot tālizpētes datu kopīgu apstrādi;promocijas darba kopsavilkums doktora grāda iegūšanai datorzinātņu nozarē, apakšnozare: datu apstrādes sistēmas un datortīkli;;Rīga;Latvijas Universitāte;Datorzinātne
2019;Gavarāne, Inese;Trihinelozes ierosinātāju izpēte un trichinella britovi populācijas ģenētiskā daudzveidība Latvijā;promocijas darba kopsavilkums bioloģijas doktora (Dr. biol.) zinātniskā grāda iegūšanai (ekoloģijas apakšnozare);9789984148717;Daugavpils;Daugavpils Universitāte;Bioloģija
2019;Jefimovs, Nikolajs;Mediācijas piemērošanas perspektīvas un tās kavējošo faktoru neitralizācijas iespējas krimināltiesisko konfliktu noregulēšanā Latvijā;"promocijas darba kopsavilkums zinātniskā doktora grāda iegūšanai tiesību zinātnē; specialitāte - tiezību zinātne, apakšnozare - krimināltiesības";;Daugavpils;Daugavpils Universitāte;Tiesību zinātne
2019;Kiričuka, Anita;Planāru sistēmu ar parametriem atrisinājumi;"promocijas darba kopsavilkums matemātikas doktora zinātniskā grāda iegūšanai apakšnozarē ""Diferenciālvienādojumi""";9789984148885;Daugavpils;Daugavpils Universitāte;Matemātika
2019;Eisenberg, Alona;Organizācijas mācīšanās kultūras un organizācijas pilsonuskās uzvedības savstarpējā saikne Izraēlas pašvaldības institūcijās;promocijas darba kopsavilkums doktora zinātniskā grāda iegūšanai ekonomikas un uzņēmējdarbības nozarē, izglītības vadības apakšnozarē;9789984148762;Daugavpils;Daugavpils Universitāte;Ekonomika
2019;Kolbjonoks, Vadims;Halkogenīdu plānās kārtiņas virsmas modificēšana ar fokusēto elektronu staru;promocijas darba kopsavilkums fizikas doktora (Dr.phys.) zinātniskā grāda iegūšanai;9789984148700;Daugavpils;Daugavpils Universitāte;Fizika
2020;Veinbergs, Artūrs;Hidroķīmisko parametru modelēšana hidroloģiski maz pētītos upju sateces baseinos;promocijas darba kopsavilkums Dr.Ph.d. zinātniskā doktora grāda iegūšanai;;Jelgava;Latvijas Lauksaimniecības universitāte;Inženierzinātne
2020;Henilane, Inita;Mājokļu ilgtermiņa finansēšanas instrumentu ieviešanas piemērotības vērtēšana Latvijā;"promocijas darba kopsavilkums, nozare: vadībzinātne; apakšnozare: uzņēmējdarbības vadība";9789984746241;Rīga;Banku augstskola;Vadībzinātnes
2020;Bambals, Rihards;Cilvēkdrošība kā nacionālā interese ārpolitikā: Japānas, Kanādas un Norvēģijas gadījumu analīze;promocijas darba kopsavilkums Doktora grāda iegūšanai politikas zinātnes nozarē, apakšnozare: starptautiskā politika;9789934184086;Rīga;Latvijas Universitāte;Politika
2020;Gaile, Anita;Indivīda karjeras rīcību un individuālo vērtību mijiedarbība un ietekme uz subjektīvi veiksmīgu karjeru;promocijas darba kopsavilkums, nozare: vadībzinātne, apakšnozare: biznesa vadība;9789934198434;Ķekavas novads;"Biznesa, mākslas un tehnoloģiju augstskola ""RISEBA""";Vadībzinātnes
2020;Meija, Raimonds;Nanovadu īpašības un perspektīvie pielietojumi elektroniskajās ierīcēs;promocijas darba kopsavilkums doktora grāda iegūšanai fizikas nozarē, apakšnozare: materiālu fizika;9789934184383;Rīga;Latvijas Universitāte;Fizika
2020;Gržibovskis, Raitis;Fotoelektronu emisijas iznākuma spektroskopijas un skenējošās kelvina zondes pielietošanas nosacījumi organisko materiālu enerģijas līmeņu noteikšanai;promocijas darba kopsavilkums doktora grāda iegūšanai fizikas nozarē, apakšnozare: cietvielu fizika;9789934184475;Rīga;Latvijas Universitāte;Fizika
2020;Āboliņa, Inese;Suspensīvā veto prakse pārvaldībā Latvijā (1993-2018);promocijas darba kopsavilkums zinātniskā doktora grāda iegūšanai politikas zinātnes nozarē, apakšnozare: pārvalde un administrācija;9789934556470;Rīga;Latvijas Universitāte;Politika
2020;Lāce, Ilze;Vietas piesaiste un dzīvesstilu daudzveidība Latvijas laukos;promocijas darba kopsavilkums doktora zinātniskā grāda iegūšanai socioloģijas nozarē, apakšnozare: lauku socioloģija;9789934556494;Rīga;Latvijas Universitāte;Socioloģija
2020;Rečs, Normunds;Direktora vadības prakses ietekme uz profesionālās mācīšanās kopienas veidošanos skolā;promocijas darba kopsavilkums doktora grāda iegūšanai vadībzinātnes nozarē, apakšnozare: izglītības vadība;9789934184949;Rīga;Latvijas Universitāte;Vadībzinātnes
2020;Urban, Manuel;Effects of Managerial Emotional Intelligence on the Organizational Commitment of Subordinates;summary of doctoral thesis submitted for the doctor's degree in management science, subfield: business management;9789934184956;Rīga;Latvijas Universitāte;Vadībzinātnes
2020;Gopejenko, Aleksejs;Itrija un skābekļa nogulsnējumu fcc-Fe kristālrežģī modelēšana no pirmajiem principiem;promocijas darba kopsavilkums doktora grāda iegūšanai fizikā, apakšnozare: cietvielu fizika;9789934184987;Rīga;Latvijas Universitāte;Fizika
2020;Kenzhin, Zhaxat;Mūsdienu pieeja cilvēkresursu kā reģionālās konkurētspējas galvenā faktora novērtējumam (kā piemēru aplūkojot Kazahstānas republikas Rietumkazahstānas apgabalu);promocijas darba kopsavilkums zinātniskā doktora (Ph.D.) grāda iegūšanai;9789984471907;Rīga;BALTIJAS STARPTAUTISKĀ AKADĒMIJA;Ekonomika
2020;Lūkins, Kristaps;Topošo jūrniecības speciālistu pašvērtēšanas un vērtēšanas modeļa izveide studijās;promocijas darba kopsavilkums zinātnes doktora (Ph. D.) grāda iegūšanai izglītības zinātnēs,  apakšnozare: augstskolas pedagoģija;9789934185069;Rīga;Latvijas Universitāte;Pedagoģija
2020;Jansone, Līga;Eiropas dižskābarža (fagus sylvatica l.) kokaudžu atjaunošanās un augšana Latvijā;promocijas darba kopsavilkums Dr.silv. zinātniskā grāda iegūšanai;;Jelgava;Latvijas Lauksaimniecības universitāte;Mežzinātne
2020;Kitenberga, Māra;Hemiboreālo mežu degšanas vēsture un kokaudžu atjaunošanās degumos;promocijas darba kopsavilkums mežzinātņu doktora Dr.silv. zinātniskā grāda iegūšanai;;Jelgava;Latvijas Lauksaimniecības universitāte;Mežzinātne
2020;Ērgle, Daiga;Spēļošanas ietekme uz darbinieku iesaisti personālvadības procesu kompleksā sistēmā;promocijas darba kopsavilkums zinātniskā doktora grāda (Ph.D.) iegūšanai;9789934185120;Rīga;Latvijas Universitāte;Vadībzinātnes
2020;Kanels, Juris;Iestāšanās Eiropas Savienībā ietekme uz transporta rīcībpolitikas attīstību Latvijas Republikā;promocijas darba kopsavilkums, promocijas darbs zinātniskā doktora grāda iegūšanai politikas zinātnes nozarē, apakšnozare: pārvalde un administrācija;9789934556524;Rīga;Latvijas Universitāte;Politika
2020;Jackson, Ilya;Neiroevolūcijas pieeja krājumu vadības sistēmu metamodelēšanai un optimizācijai;promocijas darba kopsavilkums zinātniskā doktora grāda iegūšanai būvniecības un transporta inženierzinātnēs, apakšnozare - telemātika un loģistika;9789984818955;Rīga;Transporta un sakaru institūts;Inženierzinātne
2020;Bondarenko, Andrejs;Metodoloģijas izstrāde zināšanu izgūšanai no apmācītiem mākslīgajiem neironu tīkliem;promocijas darba kopsavilkums;9789934220067;Rīga;Rīgas Tehniskā universitāte;Informāciju tehnoloģijas
2020;Kinēna, Linda;Aspartilproteāžu inhibitoru izstrāde malārijas ārstēšanai;promocijas darba kopsavilkums doktora grāda iegūšanai ķīmijas nozarē, apakšnozare: organiskā ķīmija;9789934185267;Rīga;Latvijas Universitāte;Ķīmija
2020;Vinogradovs, Ivo;Ecosystem Service Approach for Land Use Management in Agroecosystems in the Mosaic-Type Landscape;summary of doctoral thesis submitted for the degree of doctor of science (Ph. D.) in earth sciences, physical geography, environmental science;9789934185328;Rīga;Latvijas Universitāte;Ģeogrāfija
2020;Zālīte, Jūlija;Runātāju maiņa vācu un latviešu televīzijas politisko diskusiju raidījumos;promocijas darba kopsavilkums doktora grāda iegūšanai valodniecības nozarē;9789934185335;Rīga;Latvijas Universitāte;Filoloģija
2020;Sulima, Nikolajs;Bezpilota lidaparātu komercpakalpojumu teritoriālais izvietojums reģionā (kā piemēru aplūkojot Kostariku);promocijas darba kopsavilkums zinātniskā doktora grāda (Ph.D.) ekonomikas zinātnē iegūšanai;9789984472058;Rīga;BALTIJAS STARPTAUTISKĀ AKADĒMIJA;Ekonomika
2020;Soboļevskis, Aleksejs;Visvājāko tīkla elementu noteikšana energosistēmās;promocijas darba kopsavilkums;9789934224416;Rīga;Rīgas Tehniskā universitāte;Enerģētika
2020;Pakere, Ieva;Saules enerģijas izmantošana zemas temperatūras centralizētajā siltumapgādē;promocijas darba kopsavilkums;9789934224430;Rīga;Rīgas Tehniskā universitāte;Vides zinātne
2020;Soboļevskis, Dmitrijs;Energosistēmas darbību ietekmējošo procesu prognozēšana;promocijas darba kopsavilkums;9789934224478;Rīga;Rīgas Tehniskā universitāte;Enerģētika
2020;Oļekšijs, Romāns;Kombinētā cikla energobloku elektrisko iekārtu modernizācija darbības pielāgošanai mūsdienu elektroenerģijas tirgus prasībām;promocijas darba kopsavilkums;9789934224515;Rīga;Rīgas Tehniskā universitāte;Enerģētika
2020;Ločs, Sergejs;Lāzeruzkausēts virsmu nocietinošs vienslāņa pārklājums ar mehānisko īpašību gradientu;promocijas darba kopsavilkums;9789934224553;Rīga;Rīgas Tehniskā universitāte;Mašīnzinātne
2020;Rodiņa, Ieva;Eduarda Smiļģa režija un modernisms (1920 – 1945);promocijas darba kopsavilkums zinātniskā doktora grāda iegūšanai mūzika, vizuālajas mākslās un arhitektūrā, teātra un kino vēstures un teorijas apakšnozarē;9789934185380;Rīga;Latvijas Universitāte;Māksla
2020;Žentiņa, Dace;Bioķīmisko un onkoloģisko marķieru diagnostiskā nozīme malignu pleiras eksudātu diferencēšanā no citas etioloģijas šķidruma pleiras dobumā;"promocijas darba kopsavilkums zinātniskā doktora grāda ""zinātnes doktors (Ph.D.)"" iegūšanai; nozare- medicīna, apakšnozare- pneimonoloģija";;Rīga;Rīgas Stradiņa universitāte;Medicīna
2020;Ņikiforova, Anastasija;Datu kvalitātes definēšana un novērtēšana;"promocijas darba kopsavilkums datorzinātņu doktora (Dr.sc.comp.) zinātniskā grāda iegušanai; nozare: datorzinātnes, apakšnozare: datu apstrādes sistēmas un datortīkli";;Rīga;Latvijas Universitāte;Datorzinātne
2020;Rutkovska, Ilze;Smoltifikācijas izpausmes audzētiem vienu gadu veciem taimiņiem (Salmo trutta L.);promocijas darba kopsavilkums Dr. med. vet. zinātniskā grāda iegūšanai;;Jelgava;Latvijas Lauksaimniecības universitāte;Veterinārmdecīna
2020;Bērziņš, Ansis Ataols;Dabisko valodu automatizēta salīdzināšana;disertācijas kopsavilkums zinātnes doktora (PhD0 grāda iegūšanai informācijas tehnoloģijas nozarē;9789934894619;Līvānu novads;Rēzeknes Tehnoloģiju akadēmija;Informāciju tehnoloģijas
2020;Ločmelis, Kristaps;Latvijas energoefektivitātes politika apstrādes rūpniecībai pārejā uz Eiropas zaļo kursu;promocijas darba kopsavilkums;9789934224614;Rīga;Rīgas Tehniskā universitāte;Vides zinātne
2020;Dreimane, Lana Frančeska;Taxonomy of Learning in Virtual Reality;summary of doctoral thesis submitted for the Ph.D. degree in education science, subfield of general education;9789934185441;Rīga;Latvijas Universitāte;Pedagoģija
2020;Šmits, Jānis;Mikromēroga mērījumi ar slāpekļa-vakances centriem dimantā;promocijas darba kopsavilkums doktora grāda iegūšanai fizikas, astronomijas un mehānikas nozarē, Apakšnozare: Lāzeru fizikas un spektroskopijas;9789934185458;Rīga;Latvijas Universitāte;Fizika
2020;Boļšakova, Jekaterina;Jaunu metožu izveide aminospirtu sintēzei un C-H funkcionalizēšanai;promocijas darba kopsavilkums;9789934224638;Rīga;Rīgas Tehniskā universitāte;Ķīmija
2020;Keller, Pierre Gunter.;The Impact of Entrepreneurship Education Awareness Seminars on Discrete Entrepreneurial Emotions and Intentions of Business and Non-business Students;summary of the doctoral thesis, discipline: economics and entrepreneurship, sub-discipline: entrepreneurship management;9789984705453;Rīga;Banku augstskola;Ekonomika
2020;Butanovs, Edgars ;Pārejas metālu halkogenīdus saturošu kodola-apvalka nanovadu sintēze un īpašības;promocijas darba kopsavilkums doktora grāda iegūšanai fizikas nozarē, apakšnozare: materiālu fizika;9789934185472;Rīga;Latvijas Universitāte;Fizika
2020;Kirpļuks, Miķelis;No atjaunojamām izejvielām iegūtu poliuretāna putuplasta un nano izmēra dabas izcelsmes pildvielu kompozītu īpašības;promocijas darba kopsavilkums;9789934224676;Rīga;Rīgas Tehniskā universitāte;Inženierzinātne
2020;Miķelsone, Elīna;Ideju vadības sistēmu izmantošanas veidu ietekme uz ideju vadības rezultātiem uzņēmumos;promocijas darba kopsavilkums, zinātnes nozare: ekonomika un uzņēmējdarbība, zinātnes apakšnozare: uzņēmējdarbības vadība;9789934864834;Ozolnieku novads;Banku augstskola;Ekonomika
2020;Mahareva, Kristīna;"""Tūrisma pakalpojumu jomas attīstības veicināšana, ar tehnoloģijas Jaunā izplatīšanas iespēja palīdzību piedāvājot tos aviopasažieriem (kā piemēru aplūkojot Latviju)""";promocijas darba kopsavilkums zinātniskā doktora (Ph. D.) grāda iegūšanai;9789984472232;Rīga;BALTIJAS STARPTAUTISKĀ AKADĒMIJA;Ekonomika
2020;Līduma, Sanita;Redzes asums un kontrastjutība atkarībā no radzenes ārējās virsmas formas;promocijas darba kopsavilkums doktora grāda iegūšanai fizikas un astronomijas nozarē, apakšnozarē: medicīniskā fizika;9789934185540;Rīga;Latvijas Universitāte;Fizika
2020;Fridrihsone, Anda;Aprites cikla novērtējums poliuretānu iegūšanā izmantotiem atjaunojamo izejvielu poliolu monomēriem;promocijas darba kopsavilkums;9789934224751;Rīga;Rīgas Tehniskā universitāte;Inženierzinātne
2020;Kazūne, Sigita;Artēriju funkcionālo parametru loma multiorgānu disfunkcijas sindroma progresēšanas riska prognozēšanā sepses slimniekiem;"promocijas darba kopsavilkums zinātniskā doktora grāda ""zinātnes doktors (Ph. D.)"" iegūšanai, nozare - klīniskā medicīna, apakšnozare - anestezioloģija un reanimatoloģija";;Rīga;Rīgas Stradiņa universitāte;Medicīna
2020;Atstupens, Kristaps;Intraoperatīvas ultrasonogrāfijas pielietošana laparoskopiskas holecistektomijas laikā pacientiem ar aizdomām par holedoholitiāzi;"promocijas darba kopsavilkums zinātniskā doktora grāda ""zinātnes doktors (Ph. D.)"" iegūšanai, nozare - klīniskā medicīna, apakšnozare - ķirurģija";;Rīga;Rīgas Stradiņa universitāte;Medicīna
2020;Skuja, Vita;Iekaisīgo zarnu slimību aktivitāte iepriekš hospitalizētiem pacientiem ar paplašināta spektra beta-laktamāzes producējošām Enterobacteriaceae dzimtas baktērijām zarnu traktā;"promocijas darba kopsavilkums zinātniskā doktora grāda ""zinātnes doktors (Ph. D.)"" iegūšanai, nozare - medicīna, apakšnozare - internā medicīna";;Rīga;Rīgas Stradiņa universitāte;Medicīna
2020;Pūcīte, Elīna;Ar veselību sasitītas dzīves kvalitātes izmaiņas pēc nozīmīgas miega artērijas stenozes ārstēšanas;"promocijas darba kopsavilkums zinātniskā doktora grāda ""zinātnes doktors (Ph. D.)"" iegūšanai, nozare - klīniskā medicīna, apakšnozare - neiroloģija";;Rīga;Rīgas Stradiņa universitāte;Medicīna
2020;Bruņenieks, Ints;Taisnās zarnas sienas klīniskās, biomehāniskās un morfoloģiskās īpatnības pacientiem ar obstruktīvās defekācijas sindromu;"promocijas darba kopsavilkums zinātniskā doktora grāda ""zinātnes doktors (Ph. D.)"" iegūšanai, nozare - klīniskā medicīna, apakšnozare - ķirurģija";;Rīga;Rīgas Stradiņa universitāte;Medicīna
2020;Balodis, Arturs;Cerebrāla infarkta agrīnas attēldiagnostikas un reperfūzijas taktikas saistība ar radioloģisko un klīnisko iznākumu;"promocijas darba kopsavilkums zinātniskā doktora grāda ""zinātnes doktors (Ph. D.)"" iegūšanai, nozare - klīniskā medicīna, apakšnozare - radioloģija";;Rīga;Rīgas Stradiņa universitāte;Medicīna
2020;Hiršs, Andris;Jēkabs Osis un Tērbatas personālisma skola;promocijas darba kopsavilkums doktora grāda iegūšanai filozofijas nozarē, ideju vēstures apakšnozarē;;Rīga;Latvijas Universitāte;Filozofija
2020;Abbas, Syed Ali;Zīmola lojalitātes matricas izveidošana augstākās izglītības iestādēm (AII);doktora grāda iegūšanai vadībzinātnes nozarē, uzņēmējdarbības vadības apakšnozarē;;Rīga;Biznesa augstskola Turība;Vadībzinātnes
2020;Žihare, Lauma;Bioresursu pāreja uz ilgtspējīgu bioekonomiku;promocijas darba kopsavilkums;9789934224799;Rīga;Rīgas Tehniskā universitāte;Vides zinātne
2020;Kalniņš, Gints;Bakteriālo trimetilamīnu producējošo enzīmu strukturālie un funkcionālie pētījumi;promocijas darba kopsavilkums doktora grāda iegūšanai bioloģijas nozarē, apakšnozare: molekulārā bioloģija;;Rīga;Latvijas Universitāte;Bioloģija
2020;Baikovska, Inese;Kriminālprocesa atjaunošanas sakarā ar jaunatklātiem apstākļiem problemātika;promocijas darba kopsavilkums studiju programmā juridiskā zinātne, izstrādāts doktora grāda iegūšanai tiesību zinātnes nozarē, krimināltiesību apakšnozarē;;Rīga;Biznesa augstskola Turība;Juridiskās zinātnes
2020;Jacquemod, Julija;Līdera - padotā mijiedarbība un organizācijas uzticēšanās kā konteksts un mikro - pamati organizācijas novatoriskumam;promocijas darba kopsavilkums;9789984705484;Rīga;"Biznesa, mākslas un tehnoloģiju augstskola ""RISEBA""";Ekonomika
2020;Spalviņš, Krišs;Vienšūnu proteīnu un vienšūnu eļļu ražošana no agroindustriālajiem blakusproduktiem;promocijas darba kopsavilkums;9789934224850;Rīga;Rīgas Tehniskā universitāte;Inženierzinātne
2020;Pastare, Laura;Aļģu izmantošanas novērtējums biogāzes ražošanai Latvijā;promocijas darba kopsavilkums;9789934224874;Rīga;Rīgas Tehniskā universitāte;Inženierzinātne
2020;Zālītis, Ivars;Modeļa parametru identifikācijas metodes pielietošana elektropārvades līniju pretavāriju automātikā;promocijas darba kopsavilkums;9789934224935;Rīga;Rīgas Tehniskā universitāte;Inženierzinātne
2020;Vinogradovs, Leonīds;Varbūtības pieeja pasažieru izdzīvošanas novērtēšanai aviācijas negadījuma situācijā lidostas atbildības rajonā;promocijas darba kopsavilkums;9789934224997;Rīga;Rīgas Tehniskā universitāte;Mašīnzinātne
2020;Sakovskis, Aleksandrs;Mājokļu valsts politikas īstenošanas virzieni Latvijā;promocijas darba kopsavilkums zinātniskā doktora grāda (Ph.D.) ekonomikas zinātnē iegūšanai;9789984472249;Rīga;BALTIJAS STARPTAUTISKĀ AKADĒMIJA;Ekonomika
2020;Pustenko, Aleksandrs;Jauna veida ogļskābes anhidrāžu inhibitoru sintēze;promocijas darba kopsavilkums;9789934225017;Rīga;Rīgas Tehniskā universitāte;Ķīmija
2020;Gailis, Māris;Bioetanola sadedzes kaitīgo izmešu samazināšanas iespējas dzirksteļaizdedzes motoros;promocijas darba kopsavilkums Ph.D. zinātniskā grāda iegūšanai;;Jelgava;Latvijas Lauksaimniecības universitāte;Inženierzinātne
2020;Zariņa, Agnese;Vilsona slimības klīnisko gaitu raksturojošie ģenētiskie faktori;"promocijas darba kopsavilkums zinātniskā doktora grāda ""zinātnes doktors (Ph.D)"" iegūšanai, nozare - medicīnas bāzes zinātnes, tai skaitā farmācija, apakšnozare - medicīniskā ģenētika";;Rīga;Rīgas Stradiņa universitāte;Medicīna
2020;Laizāne, Gunta;Rota vīrusu izraisītas infekcijas klīniskās īpatnības, molekulārā epidemioloģija un ar veselību saistītā ģimenes dzīves kvalitāte Bērnu klīniskajā universitātes slimnīcā hospitalizētiem bērniem;"promocijas darba kopsavilkums zinātniskā doktora grāda ""zinātnes doktors (Ph.D)"" iegūšanai, nozare - klīniskā medicīna, apakšnozare - pediatrija";;Rīga;Rīgas Stradiņa universitāte;Medicīna
2020;Sīviņa, Elīna;Metastātiska kolorektālā vēža klīniskie un ģenētiskie prognostiskie un prediktīvie marķieri;"promocijas darba kopsavilkums zinātniskā doktora grāda ""zinātnes doktors (Ph.D)"" iegūšanai, nozare - klīniskā medicīna, apakšnozare - onkoloģija";;Rīga;Rīgas Stradiņa universitāte;Medicīna
2020;Zepa, Jūlija;Kanidātgēnu polimorfismu saistība ar ankilozējošo spondilītu un tā klīnisko gaitu;"promocijas darba kopsavilkums zinātniskā doktora grāda ""zinātnes doktors (Ph.D)"" iegūšanai, nozare - klīniskā medicīna, apakšnozare - reimatoloģija";;Rīga;Rīgas Stradiņa universitāte;Medicīna
2020;Baltputnis, Kārlis;Lēmumatbalsta metodes, algoritmi un rīki elektroenerģijas tirgus dalībniekiem;promocijas darba kopsavilkums;9789934225062;Rīga;Rīgas Tehniskā universitāte;Enerģētika
2020;Elksne, Inga;Agrīnie uztura paradumi zīdaiņiem un to saistība ar dzelzs vielmaiņu;"promocijas darba kopsavilkums zinātniskā doktora grāda ""zinātnes doktors (Ph.D)"" iegūšanai, nozare - veselības un sporta zinātnes, apakšnozare - uzturzinātne";;Rīga;Rīgas Stradiņa universitāte;Medicīna
2020;Plaksenkova, Ilona;Dažādu nanodaļiņu ietekme uz augiem in vitro un in vivo sistēmās un tās izmantošanas potenciāls;promocijas darba kopsavilkums zinātniskā doktora grāda (Ph.D) bioloģijā iegūšanai (ekoloģijas apakšnozarē);9789984148939;Daugavpils;Daugavpils Universitāte;Bioloģija
2020;Trakimas, Giedrius;Effects of Developmental Speed and Physiological Stress on Metabolism and Behaviour in Insects;summary of the doctoral thesis submitted for the degree of doctor in biology (subfield: ecology);;Daugavpils;Daugavpils Universitāte;Bioloģija
2020;Broka, Zane;Patēriņa elastības izmantošana un novērtējums elektroenerģijas tirgos;promocijas darba kopsavilkums;9789934225123;Rīga;Rīgas Tehniskā universitāte;Inženierzinātne
2020;Māliņa, Ilze;Hromofori un luminofori uz β,β’-triketonu un β-diketonu bāzes;Chromophores and luminophores based on β,β’-triketones and β-diketones;9789934225161;Rīga;Rīgas Tehniskā universitāte;Ķīmija
2020;Stankēvičs, Pāvels;Ritošā sastāva metālpulveru antifrikcijas detaļu ražošanas tehnoloģija un tribotehnisko īpašību paaugstināšana;promocijas darba kopsavilkums;9789934225215;Rīga;Rīgas Tehniskā universitāte;Inženierzinātne
2020;Ivdre, Aiga;Inovatīvu poliolu sistēmu izstrādne no reciklēta polietilēntereftalāta un atjaunojamo izejvielu resursiem cietā poliuretāna putuplasta iegūšanai;promocijas darba kopsavilkums;9789934225222;Rīga;Rīgas Tehniskā universitāte;Inženierzinātne
2020;Sazonova, Sanita;Augstspiediena apstrādes ietekme uz cūkgaļas kvalitāti;promocijas darba kopsavilkums zinātņu doktora grāda (Ph.D.) iegūšanai pārtikas un dzērienu tehnoloģijās;;Jelgava;Latvijas Lauksaimniecības universitāte;Inženierzinātne
2020;Zdanovskis, Kristaps;Lauksaimnieku nevalstisko organizāciju darbības pilnveidošanas iespējas Latvijā;promocijas darba kopsavilkums zinātniskā doktora grāda zinātnes doktora (Ph.D) ekonomikā un uzņēmējdarbībā iegūšanai;;Jelgava;Latvijas Lauksaimniecības universitāte;Ekonomika
2020;Vībane, Kristīne;Insultu pārcietušo cilvēku un viņu tuvinieku insultpratība;promocijas darba kopsavilkums doktora zinātniskā grāda iegūšanai socioloģijas nozarē, apakšnozare: lietišķā socioloģija;;Rīga;Latvijas Universitāte;Socioloģija
2020;Beķere, Kristīne;Latvijas neatkarības idejas uzturēšana Trimdā no 1940. gadu vidus līdz 1980. gadu otrai pusei: politiskā darbība;promocijas darba kopsavilkums doktora grāda iegūšanai vēstures un arheoloģijas nozarē, apakšnozare: Latvijas Vēsture;9789934186035;Rīga;Latvijas Universitāte;Vēsture
2020;Felcis, Renārs;Privāto meža īpašumu kopīga apsaimniekošana;promocijas darba kopsavilkums doktora grāda iegūšanai socioloģijas un sociālā darba zinātņu nozarē, apakšnozre: lauku socioloģija;;Rīga;Latvijas Universitāte;Socioloģija
2020;Ratkus, Andris;Materiāla virsmas atjaunošanas tehnoloģiju analīze un lāzeruzkausēšanas tehnoloģiju pētījumi;promocijas darba kopsavilkums;9789934225260;Rīga;Rīgas Tehniskā universitāte;Inženierzinātne
2020;Teltz, Ann-Kathrin;The Impact of Internationalization, Strategic Innovation and Managerial Digitalization on the Business Success of Fintech Enterprises;summary of doctoral thesis submitted for the scientific doctor’s degree (Ph.D.);9789934186059;Rīga;Latvijas Universitāte;Vadībzinātnes
2020;Apsalone, Madara;Impact of Organizational Culture and Knowledge Management Processes on Organizational Innovation in Small and Medium-sized Enterprises;summary of doctoral thesis submitted for the scientific doctor’s degree (Ph.D.);9789934186066;Rīga;Latvijas Universitāte;Vadībzinātnes
2020;Panke, Karola;Acs akomodācijas darbība digitālo tehnoloģiju laikmetā: subjektīvās un objektīvās acs akomodācijas novērtēšanas metodes un normas;promocijas darba kopsavilkums zinātniskā doktora grāda (Ph.D.) iegūšanai fizikas un astronomijas nozarē, apakšnozare: medicīniskā fizika;9789934186134;Rīga;Latvijas Universitāte;Fizika
2020;Krieķe, Guna;Erbija jonu augšuppārveidotā luminiscence trīskomponentu fluorīdu nanokristālus saturošā caurspīdīgā stikla keramikā;promocijas darba kopsavilkums doktora grāda iegūšanai fizikas nozarē, apakšnozare: materiālu fizika;9789934186158;Rīga;Latvijas Universitāte;Fizika
2020;Pļaviņa, Baiba;Pārvaldīšanas un apsaimniekošanas procesu īstenošanas metodoloģiskie risinājumi daudzdzīvokļu dzīvojamām mājām mājokļu politikas kontekstā;promocijas darba kopsavilkums;9789934225338;Rīga;Rīgas Tehniskā universitāte;Inženierzinātne
2020;Roša, Angelina;Koučinga aktivitāšu ietekmes uz uzņēmuma sniegumu novērtēšanas metodoloģija;promocijas darba kopsavilkums;9789934225376;Rīga;Rīgas Tehniskā universitāte;Inženierzinātne
2020;Doniņa, Agita;Tūrisma nozares darba tirgū aktuālās profesionālās kompetences attīstība augstākajā izglītībā;promocijas darba kopsavilkums;9789934225413;Rīga;Rīgas Tehniskā universitāte;Inženierzinātne
2020;Asere, Līva;Energoefektivitātes un iekštelpu gaisa kvalitātes dilemma izglītības iestāžu ēkās;promocijas darba kopsavilkums;9789934225451;Rīga;Rīgas Tehniskā universitāte;Inženierzinātne
2020;Sakaine, Guna;Pirolo[1,4]benzodiazepīnu klases dabasvielu totālā sintēze;promocijas darba kopsavilkums;9789934225499;Rīga;Rīgas Tehniskā universitāte;Ķīmija
2020;Bāliņa, Karīna;Baltijas jūras makroaļģu biorafinērija;promocijas darba kopsavilkums;9789934225512;Rīga;Rīgas Tehniskā universitāte;Inženierzinātne
2020;Bundulis, Arturs;Kerra efekta izcelsmes pētījumi organiskajos materiālos: eksperimentāls novērtējums, izmantojot Z-scan metodi;promocijas darba kopsavilkums doktora grāda iegūšanai fizikas un astronomijas nozarē, apakšnozare: cietvielu fizika;9789934186196;Rīga;Latvijas Universitāte;Fizika
2020;Irbe, Mārtiņš;Enerģijas iegūšanas no fluīdu plūsmas iekārtu dinamikas analīze un vadības optimizācija;promocijas darba kopsavilkums;9789934225581;Rīga;Rīgas Tehniskā universitāte;Mašīnzinātne
2020;Feofilovs, Maksims;Pilsētu izturētspējas dinamika pret dabas draudiem;promocijas darba kopsavilkums;9789934225598;Rīga;Rīgas Tehniskā universitāte;Vides zinātne
2020;Saltanovs, Rodions;Enerģijas bezvadu pārraides uz transporta līdzekļiem sistēmas efektivitātes paaugstināšana;promocijas darba kopsavilkums;9789934225659;Rīga;Rīgas Tehniskā universitāte;Inženierzinātne
2020;Šints, Viesturs;Magnētisko šķidrumu termoforēze porainā vidē, atkarībā no virsmaktīvās vielas koncentrācijas un temperatūras;promocijas darba kopsavilkums Doktora grāda iegūšanai fizikas un astronomijas nozarē, apakšnozare: siltumfizika un molekulārā fizika;9789934186219;Rīga;Latvijas Universitāte;Fizika
2020;Aleksejevs, Andrejs;Rūpniecības politikas īstenošana Latvijā ar eksporta un importa operācijām pamata;promocijas darba kopsavilkums zinātniskā doktora grāda iegūšanai ekonomikā (Ph. D.);9789984472256;Rīga;BALTIJAS STARPTAUTISKĀ AKADĒMIJA;Ekonomika
2020;Viļuma, Antra;Koka konstrukcijas Latvijas būvmākslā;promocijas darba kopsavilkums;9789934225727;Rīga;Rīgas Tehniskā universitāte;Arhitektūra
2020;Feldmane, Līga;Dzīvesvietas pievilcības sociāli telpiskās atšķirības Jelgavā;promocijas darba kopsavilkums zinātnes doktora (Ph.D.) grāda iegūšanai sociālajā un ekonomiskajā ģeogrāfijā, apakšnozare: cilvēka ģeogrāfija;9789934186271;Rīga;Latvijas Universitāte;Ģeogrāfija
2020;Zariņš, Jānis;Kaulu struktūras pārmaiņas pēc divfāzisku vai trīsfāzisku stronciju saturošu biomateriālu implantācijas dzīvniekiem ar eksperimentālu osteoporozi;"promocijas darba kopsavilkums zinātniskā doktora grāda ""zinātnes doktors (Ph.D.)"" iegūšanai, nozare- medicīnas bāzes zinātnes, tai skaitā farmācija, apakšnozare- histoloģija un citoloģija";;Rīga;Rīgas Stradiņa universitāte;Medicīna
2020;Zalcmane, Karina;Futbolu fanu kriminogēnās izpausmes un to prevencija: Latvijas un ārvalstu pieredze;"promocijas darba kopsavilkums zinātniskā doktora grāda ""zinātnes doktors (Ph.D)"" iegūšanai, nozare- tiesību zinātne, apakšnozare- kriminoloģija";;Rīga;Rīgas Stradiņa universitāte;Tiesību zinātne
2020;Vitenberga-Verza, Zane;Hroniskas obstruktīvas plaušu slimības (HOPS) skartu audu morfoloģiks raksturojums;"promocijas darba kopsavilkums zinātniskā doktora grāda ""zinātnes doktors (Ph.D.)"" iegūšanai, nozare- medicīnas bāzes zinātnes, tai skaitā farmācija, apakšnozare- histoloģija un citoloģija";;Rīga;Rīgas Stradiņa universitāte;Medicīna
2020;Dubova, Laila;Simbiotisko asociāciju ietekme uz pupu (vicia faba l.) produktivitāti;promocijas darba kopsavilkums zinātņu doktora grāda (Ph. D.) iegūšanai lauksaimniecības un zivsaimniecības zinātnes, mežzinātnes nozarē;;Jelgava;Latvijas Lauksaimniecības universitāte;Lauksaimniecība
2020;Apine, Ilze;Magnētiskās rezonanses enterogrāfija Krona slimības diagnostikā, izmantojot difūzijas uzsvērto attēlu ar ķermeņa fona signāla nomākšanu (DWIBS) sekvenci;"promocijas darba kopsavilkums zinātniskā doktora grāda ""zinātnes doktors (Ph.D.)"" iegūšanai, nozare - klīniskā medicīna, apakšnozare - radioloģija";;Rīga;Rīgas Stradiņa universitāte;Medicīna
2021;Behmane, Daiga;Ārvalstu pacientu piesaisti noteicošie faktori un to saistība ar pacientu pieredzi un kopējo apmierinātību ar saņemto veselības aprūpes pakalpojumu Latvijā;promocijas darba kopsavilkums zinātniskā doktora grāda zinātnes doktore (Ph.D.) ekonomikā un uzņēmējdarbībā iegūšanai;9789934185397;Rīga;Latvijas Universitāte;Ekonomika
2021;Krūkle, Zanda;Environmental Noise Management in Latvia;summary of doctoral thesis submitted for the scientific doctor's degree - doctor of science (Ph.D.) in earth sciences, physical geography, environmental sciences;9789934185410;Rīga;Latvijas Universitāte;Ģeogrāfija
2021;Kunrade, Līga;Mezenhimālo cilmes šūnu in vitro modeļsistēmu izveide audu reģenerācijas un pretvēža zāļu piegādes pētījumiem;promocijas darba kopsavilkums doktora grāda iegūšanai medicīnas bāzes zinātņu, tai skaitā farmacijas nozarē, apakšnozare: farmaceitiskā farmakoloģija;9789934185656;Rīga;Latvijas Universitāte;Farmācija
2021;Narbute, Karīna;Jaunas farmakoterapeitiskas pieejas, kas mērķētas uz neirodeģeneratīvajiem procesiem;promocijas darba kopsavilkums doktora grāda Ph.D. medicīnā iegūšanai medicīnas bāzes zinātņu, tai skaitā farmācijas nozarē, apakšnozare: farmakoloģija;9789934185663;Rīga;Latvijas Universitāte;Farmācija
2021;Prūse, Baiba;Co-Creation of Knowledge: Supporting the Implementation of Sustainable Development Goals Through Citizen Science and Ethnobotany;summary of doctoral thesis submitted for the degree of doctor of science (Ph.D.) in earth sciences, physical geography and environmental science;9789934185977;Rīga;Latvijas Universitāte;Ģeogrāfija
2021;Akmane, Ieva;Krustziežu dzimtas Cruciferae Juss. taksonomiskā revīzija Latvijas florā;promocijas darba kopsavilkums zinātniskā doktora grāda, zinātnes doktora (Ph.D.) bioloģijā, botānikas apakšnozarē iegūšanai;9789934232008;Daugavpils;Daugavpils Universitāte;Bioloģija
2021;Ozoliņš, Jānis;Stāstījuma struktūra, stāstītāja un stāstījuma līmeņi Andras Neiburgas prozā;promocijas darba kopsavilkums zinātniskā doktora grāda iegūšanai valodniecības un literatūrzinātnes nozarē literatūras teorijas apakšnozarē;9789934185991;Rīga;Latvijas Universitāte;Literatūrzinātne
2021;Morozova, Inga;Linu ģenētisko resursu rezistence pret slimībām - rezistences izvērtējums un uzlabošanas metodes;promocijas darba kopsavilkums zinātniskā doktora grāda, zinātnes doktora (Ph.D.) bioloģijā iegūšanai (ekoloģijas apakšnozarē);9789934898303;Daugavpils;Daugavpils Universitāte;Bioloģija
2021;Turlais, Viktors;Transformatīvās līderības ietekme radošumu veicinoša organizācijas klimata pilnveidošanai;"promocijas darba kopsavilkums; nozare: ekonomika un uzņēmējdarbība, apakšnozare: uzņēmējdarbības vadība";9789984705514;Rīga;"Biznesa, mākslas un tehnoloģiju augstskola ""RISEBA""";Ekonomika
2021;Gusarovs, Konstantīns;Metodes izstrāde koda ģenerēšanai no divpusložu modeļa;promocijas darba kopsavilkums;9789934225765;Rīga;Rīgas Tehniskā universitāte;Datorzinātne
2021;Drozdova, Valērija;Akadēmiskā personāla angļu valodas komunikatīvās kompetences modelis;promocijas darba kopsavilkums doktora grāda iegūšanai filoloģijā, apakšnozare: lietišķā valodniecība;9789934186295;Rīga;Latvijas Universitāte;Filoloģija
2021;Pladere, Tatjana;Vizuālās efektivitātes novērtējums uz volumetriskā daudzplakņu ekrāna;promocijas darba kopsavilkums doktora grāda iegūšanai fizikas un astronomijas zinātnes nozarē, apakšnozare: medicīniskā fizika;9789934186301;Rīga;Latvijas Universitāte;Fizika
2021;Averin, Aleksandr;Reģionālās ekonomiskās politikas efektivitātes palielināšana mazās uzņēmējdarbības atbalsta un attīstības jomā (kā piemēru aplūkojot Maskavas aglomerāciju);promocijas darba kopsavilkums zinātniskā doktora grāda (Ph.D.) ekonomikas zinātnē iegūšanai;9789984472270;Rīga;BALTIJAS STARPTAUTISKĀ AKADĒMIJA;Ekonomika
2021;Supoņenkovs, Artjoms;Datorizētas diagnostikas sistēmas izstrāde magnētiskās rezonanses lietojumsfērā;promocijas darba kopsavilkums;9789934225802;Rīga;Rīgas Tehniskā universitāte;Datorzinātne
2021;Zukuls, Anzelms;Deģenerēti ZnO nanokristāli: sintēze, īpašības un pielietojums;promocijas darba kopsavilkums;9789934225840;Rīga;Rīgas Tehniskā universitāte;Ķīmija
2021;Pozdnyakov, Konstantin;"""Reģionālo investīciju mijiedarbības ietekme uz Krievijas Federācijas ekonomiskās izaugsmes potenciālu""";promocijas darba kopsavilkums zinātniskā doktora grāda (Ph.D.) ekonomikas zinātnē iegūšanai;9789984472287;Rīga;BALTIJAS STARPTAUTISKĀ AKADĒMIJA;Ekonomika
2021;Kravchenko, Sergey;Perspektīvo kosmisko aparātu elektrisko raķešu dzinēju dzesēšanas sistēmu izstrāde;promocijas darba kopsavilkums;9789934225918;Rīga;Rīgas Tehniskā universitāte;Mašīnzinātne
2021;Bulderberga, Olga;Bojājumu vizuālās indikācijas sistēmas izstrāde un tās īpašību izpēte polimēru kompozītmateriālu struktūrām;promocijas darba kopsavilkums doktora grāda iegūšanai fizikas un astronomijas zinātnes nozarē, apakšnozare: materiālu fizika;9789934186394;Rīga;Latvijas Universitāte;Fizika
2021;Rundāns, Māris;Poras saturoša kordierīta keramika no minerālo un sintētisko izejvielu maisījumiem;promocijas darba kopsavilkums;9789934225970;Rīga;Rīgas Tehniskā universitāte;Ķīmija
2021;Sansonetti, Errj;Ar nanoizmēra dzelzs oksīdiem uzlabota inovatīva alkīda emulsijas kompozīcija termiski modificētas koksnes aizsardzībai āra apstākļos;promocijas darba kopsavilkums;9789934226038;Rīga;Rīgas Tehniskā universitāte;Ķīmija
2021;Plāte, Matīss;Polikristāla kušanas un termomehānisko spriegumu trīsdimensionāla matemātiskā modelēšana peldošās zonas silīcija kristālu audzēšanas procesā;promocijas darba kopsavilkums doktora grāda iegūšanai fizikas nozarē, apakšnozare: šķidrumu un gāzu mehānika;9789934186448;Rīga;Latvijas Universitāte;Fizika
2021;Čižo, Edmunds;Eiropas Savienības valstu finanšu attīstības izmaiņu ietekme uz ekonomisko izaugsmi laika periodā no 1995. gada līdz 2017. gadam;promocijas darba kopsavilkums zinātniskā doktora grāda zinātnes doktora (Ph.D.) ekonomikā un uzņēmējdarbībā iegūšanai (apakšnozarē finanses un kredīts);9789934898327;Daugavpils;Daugavpils Universitāte;Ekonomika
2021;Ignatjeva, Sigita;Tulkojumstilistikas problēmu risinājumi pastišā un parodijā: Džeimsa Džoisa romāna “Uliss” tulkojums latviešu valodā;promocijas darba kopsavilkums zinātnes doktora (Ph. D.) zinātniskā grāda iegūšanai valodniecībā un literatūrzinātnē;9789934569982;Liepāja;Liepājas Universitāte;Literatūrzinātne
2021;Mayr, Richard;Group Composition of Risk Assessments and Sustainability of Risk Management Supported Decision Making;summary of doctoral thesis submitted for the scientific doctor's degree (Ph.D.) in economics and business;9789934186530;Rīga;Latvijas Universitāte;Ekonomika
2021;Kameņecka-Usova, Marina;Alternatīva strīdu izšķiršana sporta tiesībās;"promocijas darba kopsavilkums zinātniskā doktora grāda ""zinātnes doktors (Ph.D.)"" iegūšanai, nozare - tiesības, apakšnozare - civiltiesības";;Rīga;Rīgas Stradiņa universitāte;Tiesību zinātne
2021;Pērkons, Ingus;Analītisko parametru optimizācija farmaceitisko savienojumu noteikšanai apkārtējās vides paraugos;promocijas darba kopsavilkums zinātniskā doktora grāda (Ph.D.) iegūšanai kīmijā, apakšnozare: analītiskā ķīmija;;Rīga;Latvijas Universitāte;Ķīmija
2021;Lauberte, Līga;Analītiskās pieejas izveide bioloģiski aktīvu polifenolu raksturošanai lignocelulozes biomasā;promocijas darba kopsavilkums zinātnes doktora (Ph.D.) grāda iegūšanai ķīmijas nozarē, apakšnozare: analītiskā ķīmija;;Rīga;Latvijas Universitāte;Ķīmija
2021;Lozda, Raimonds;Zāļu normatīvā regulējuma izmaiņu ietekme uz to pieejamību un farmakovigilances aktivitātēm;promocijas darba kopsavilkums doktora grāda iegūšanai medicīnas bāzes zinātnes, tai skaita farmācijā;9789934186547;Rīga;Latvijas Universitāte;Farmācija
2021;Vilerts, Kārlis;Privātā un sabiedriskā sektora algu atšķirības un to noteicošie faktori Latvijā un Eiropas Savienībā;promocijas darba kopsavilkums zinātniskā doktora grāda (Ph.D.) iegūšanai ekonomikas un uzņēmējdarbības nozarē;9789934186561;Rīga;Latvijas Universitāte;Ekonomika
2021;Kirillova, Viktorija;Latvijas savvaļas dzīvnieku muskulatūrā konstatēto Sarcocystis spp. daudzveidība un apraksts;promocijas darba kopsavilkums zinātniskā doktora grāda, zinātnes doktora (Ph.D.) bioloģijā iegūšanai (zooloģijas apakšnozarē);9789984149073;Daugavpils;Daugavpils Universitāte;Bioloģija
2021;Kāršenieks, Jānis;Datu aizsardzība un tiesības uz privātuma aizsardzību kriminālprocesā;promocijas darba kopsavilkums zinātniskā doktora grāda iegūšanai tiesību zinātnes krimināltiesību apakšnozarē;9789984149110;Daugavpils;Daugavpils Universitāte;Tiesību zinātne
2021;Sedova, Gaļina;Padomju valsts un pareizticīgās baznīcas attiecības: Rīgas eparhija (1944-1964);"tematiski vienota zinātnisku publikāciju kopa; promocijas darba kopsavilkums zinātnes doktora (Ph.D.) grāda iegūšanai vēstures nozerē, Latvijas vēstures apakšnozarē";9789984149134;Daugavpils;Daugavpils Universitāte;Vēsture
2021;Arhipova, Olga;Variatīvo moduļu sistēma vispārizglītojošo izglītības iestāžu vadītāju profesionālajā pilnveidē;promocijas darba kopsavilkums zinātniskā doktora grāda zinātnes doktore (Ph.D.) ekonomikā un uzņēmējdarbībā iegūšanai, izglītības vadības apakšnozarē;9789984149196;Daugavpils;Daugavpils Universitāte;Ekonomika
2021;Kokarēviča, Anita;Smēķēšanas ekonomiskais izvērtējums Latvijā;promocijas darba kopsavilkums zinātniskā doktora grāda zinātnes doktore (Ph.D.) ekonomikā un uzņēmējdarbībā iegūšanai, reģionālās ekonomikas apakšnozarē;9789984148953;Daugavpils;Daugavpils Universitāte;Ekonomika
2021;Seļivanova-Fjodorova, Nataļja;Latvijas reģionu ekonomiskā diferenciācija 21. gadsimta sākumā;promocijas darba kopsavilkums zinātniskā doktora grāda zinātnes doktore (Ph.D.) ekonomikā un uzņēmējdarbībā iegūšanai, reģionālās ekonomikas apakšnozarē;;Daugavpils;Daugavpils Universitāte;Ekonomika
2021;Stankeviča, Karina;Character of Sapropel Properties Based on its Formation Conditions and Possibilities of its Use;summary of doctoral thesis submitted for the PhD degree in earth sciences, physical geography and environmental sciences, subfield – environmental sciences;;Rīga;Latvijas Universitāte;Ģeogrāfija
2021;Zolotarjovs, Aleksejs;Optisko īpašību pētījumi pārklājumiem, kas izveidoti ar plazmas elektrolītiskās oksidēšanas metodi uz alumīnija sakausējumu virsmas;promocijas darba kopsavilkums doktora grāda iegūšanai fizikas nozarē, apakšnozare: materiālu fizika;9789934186691;Rīga;Latvijas Universitāte;Fizika
2021;Matisone, Ilze;Parastā oša Fraxinus excelsior L. destrukcija Latvijā: audžu sukcesija un oša atjaunošanās;promocijas darba kopsavilkums zinātniskā doktora grāda zinātnes doktors (Ph.D.) lauksaimniecības un zivsaimniecības zinātnēs, mežzinātnē iegūšanai;;Jelgava;Latvijas Lauksaimniecības universitāte;Lauksaimniecība
2021;Zimelis, Agris;Skuju koku celmu ieguves un transportēšanas tehnoloģisks risinājums;promocijas darba kopsavilkums zinātniskā doktora grāda zinātnes doktors (Ph.D.) lauksaimniecības un zivsaimniecības zinātnēs, mežzinātnē iegūšanai;;Jelgava;Latvijas Lauksaimniecības universitāte;Lauksaimniecība
2021;Kalēja, Santa;Mašinizētas enerģētiskās koksnes sagatavošanas tehnoloģiskie un ekonomiskie risinājumi starpcirtē;promocijas darba kopsavilkums zinātniskā doktora grāda zinātnes doktors (Ph.D.) lauksaimniecības un zivsaimniecības zinātnēs, mežzinātnē iegūšanai;;Jelgava;Latvijas Lauksaimniecības universitāte;Lauksaimniecība
2021;Krišāns, Oskars;Parastās egles (Picea abies (L.) H. Karst.) vēja noturības izmaiņas sakņu trupes un stumbra mizas bojājumu ietekmē;promocijas darba kopsavilkums Zinātniskā doktora grāda zinātnes doktors (Ph.D.) Lauksaimniecības un zivsaimniecības zinātnēs, mežzinātnē iegūšanai;;Jelgava;Latvijas Lauksaimniecības universitāte;Lauksaimniecība
2021;Jansone, Baiba;Augstuma pieauguma mainība parastās egles (Picea abies (L.) H. Karst.) tīraudzēs juvenilā vecumā;promocijas darba kopsavilkums zinātniskā doktora grāda zinātnes doktors (Ph.D.) lauksaimniecības un zivsaimniecības zinātnēs, mežzinātnē iegūšanai;;Jelgava;Latvijas Lauksaimniecības universitāte;Lauksaimniecība
2021;Vanags, Juris;Acs lēcas priekšējās kapsulas atveres izmaiņas pēc kataraktas operācijas pacientiem ar subluksētu lēcu;"promocijas darba kopsavilkums zinātniskā doktora grāda ""zinātnes doktors (Ph.D.)"" iegūšanai, nozare - klīniskā medicīna, apakšnozare - oftalmoloģija";;Rīga;Rīgas Stradiņa universitāte;Medicīna
2021;Pičkure, Žanna;Labā kambara funkcijas izvērtēšana pacientiem pēc akūta miokarda infarkta, izmantojot trīsdimensiju ehokardiogrāfiju un miokarda deformācijas analīzi;"promocijas darba kopsavilkums zinātniskā doktora grāda ""zinātnes doktors (Ph.D.)"" iegūšanai, nozare - klīniskā medicīna, apakšnozare - internā medicīna";;Rīga;Rīgas Stradiņa universitāte;Medicīna
2021;Zvirbule, Baiba;Grāmatvedības normatīvā regulējuma pilnveidošanas iespējas Latvijas uzņēmējdarbības vides uzlabošanas aspektā;promocijas darba kopsavilkums zinātnes doktora grāda (Ph.D.) iegūšanai ekonomikā un uzņēmējdarbībā;9789934186820;Rīga;Latvijas Universitāte;Ekonomika
2021;Bole, Dace;Darbinieku garīgā labklājība un vērtīborientētas personāla vadības sistēmas piemērošana Latvijas uzņēmumos;promocijas darba kopsavilkums ekonomikas un uzņēmējdarbības nozarē, uzņēmējdarbības vadības apakšnozarē;;Rīga;Biznesa augstskola Turība;Ekonomika
2021;Mucenieks, Kaspars;Restrukturizācijas vadīšana konkurētspējas paaugstināšanai tirdzniecības uzņēmumiem Latvijā;"promocijas darba kopsavilkums studiju programmā uzņēmējdarbības vadība; promocijas darbs izstrādāts doktora zinātniskā grāda iegūšanai, zinātņu nozare: ekonomika un uzņēmējdarbība, apakšnozare: uzņēmējdarbības vadība";;Rīga;Biznesa augstskola Turība;Ekonomika
2021;Ločmele, Indra;Miežu genotipu maisījumu un populāciju priekšrocību izvērtējums bioloģiskajai audzēšanas sistēmai;promocijas darba kopsavilkums zinātniskā doktora grāda zinātnes doktors (Ph.D.) iegūšanai lauksaimniecības un zivsaimniecības zinātnēs, mežzinātnē;;Jelgava;Latvijas Lauksaimniecības universitāte;Lauksaimniecība
2021;Anaņjevs, Vladislavs;Divfāžu kalcija fosfāta biokeramikas ietekme uz osteoporotisku kaulu biomehāniskiem rādītājiem un minerālblīvumu (eksperimentāls pētījums);"promocijas darba kopsavilkums zinātniskā doktora grāda ""zinātnes doktors (Ph.D.)"" iegūšanai, nozare - medicīniskā inženierija, apakšnozare - biomehānika";;Rīga;Rīgas Stradiņa universitāte;Medicīna
2021;Jakovļevs, Arvīds;Difūzo gliomu imūnhistoķīmiskā klasifikācija;"promocijas darba kopsavilkums zinātniskā doktora grāda ""zinātnes doktors (Ph.D.)"" iegūšanai, nozare - medicīnas bāzes zinātnes, tai skaitā farmācija, apakšnozare - pataloģija";;Rīga;Rīgas Stradiņa universitāte;Medicīna
2021;Kurmeļeva, Alīna;Vecāku kompetences pilnveides modelis zīdaiņu peldināšanā;promocijas darba kopsavilkums zinātniskā doktora grāda (Ph.D) iegūšanai veselības un sporta zinātnes nozarē, sporta pedagoģijas apakšnozarē;9789934520464;Rīga;Latvijas Sporta pedagoģijas akadēmija;Pedagoģija
2021;Jansons, Mārtiņš;Masspektrometrisko metožu izstrāde un pielietošana glifosāta un tā metabolītu noteikšanai augu un dzīvnieku izcelsmes produktos un apkārtējās vides objektos;promocijas darba kopsavilkums doktora grāda iegūšanai ķīmijas nozarē, analītiskās ķīmijas apakšnozarē;;Rīga;Latvijas Universitāte;Ķīmija
2021;Ruško, Jānis;Augstas izšķirtspējas masspektrometrijas un multienzimātisku biosensoru pielietojums vides un pārtikas ķīmisko piesārņojumu nemērķētam (non-targeted) skrīningam;promocijas darba kopsavilkums doktora grāda iegūšanai ķīmijas nozarē, analītiskās ķīmijas apakšnozarē;;Rīga;Latvijas Universitāte;Ķīmija
2021;Bērtule, Marika;Bērnības vardarbības pieredze, disociācijas un depresijas simptomi saistībā ar suicidalitāti un suicīda mēģinājumiem;promocijas darba kopsavilkums doktora grāda iegūšanai psiholoģijas zinātņu nozarē, apakšnozare: klīniskā psiholoģija;;Rīga;Latvijas Universitāte;Psiholoģija
2021;Aršaņica, Aleksandrs;Rūpnieciskai ražošanai piemēroti risinājumi biorafinēšanas ceļā iegūtu lignīnu kā atjaunojamo izejvielu izmantošanai polimēru sastāvā;rakstu kopas kopsavilkums ķīmijas zinātņu doktora grāda iegūšanai, apakšnozare: fizikālā ķīmija;9789934186950;Rīga;Latvijas Universitāte;Ķīmija
2021;Fībiga, Ieva;Metaforisku terminu attīstība sengrieķu medicīnas tekstos;promocijas darba kopsavilkums : doktora grāda iegūšanai valodniecības un zinātņu nozarē, apakšnozare: klasiskā filoloģija;9789934556630;Rīga;Latvijas Universitāte;Filoloģija
2021;Vorobjovs, Aleksandrs;Pusaudžu matemātiskās kompetences veidošanās;promocijas darba kopsavilkums zinātnes doktora grāda (Ph.D.) iegūšanai izglītības zinātņu nozares skolas pedagoģijas apakšnozarē;9789934187018;Rīga;Latvijas Universitāte;Pedagoģija
2021;Cešeiko, Rūdolfs;Maksimālais spēka treniņš krūts vēža pacientēm adjuvantas terapijas laikā;"promocijas darba kopsavilkums zinātniskā doktora grāda ""zinātnes doktors (Ph.D.)"" iegūšanai, nozare - veselības un sporta zinātnes, apakšnozare - sporta medicīna un rehabilitoloģija";;Rīga;Rīgas Stradiņa universitāte;Medicīna
2021;Bērziņa, Natālija;Pacientu ar šizofrēnijas spektra traucējumiem, afektīva un neirotiska spektra traucējumiem līdzestības un atkārtotu hospitalizāciju saistība ar pacientu apmierinātību ar saņemto aprūpi;"promocijas darba kopsavilkums zinātniskā doktora grāda ""zinātnes doktors (Ph.D.)"" iegūšanai, nozare - medicīna, apakšnozare - psihiatrija";;Rīga;Rīgas Stradiņa universitāte;Medicīna
2021;Sīle, Inga;Ārstniecības augi latviešu tautas ārstniecības pierakstos un to praktiskā lietojuma analīze;"promocijas darba kopsavilkums zinātniskā doktora grāda ""zinātnes doktors (Ph.D.)"" iegūšanai, nozare - medicīnas bāzes zinātnes, tai skaitā farmācija, apakšnozare - farmakognozija";;Rīga;Rīgas Stradiņa universitāte;Medicīna
2021;Schönberger, Marius;The Performance Impact of Computer System Validation on the Business Value of SMEs;summary of the doctoral thesis, discipline: economics and business, sub-discipline: business management;9789984705538;Riga;"Biznesa, mākslas un tehnoloģiju augstskola ""RISEBA""";Ekonomika
2021;Bukova-Žideļūna, Aija;Pieaugušo iedzīvotāju ceļu satiksmes drosības paradumi un ar tiem saistītie faktori;"promocijas darba kopsavilkums zinātniskā doktora grāda ""zinātnes doktors (Ph.D.)"" iegūšanai, nozare - veselības un sporta zinātnes, apakšnozare - sabiedrības veselība";;Rīga;Rīgas Stradiņa universitāte;Medicīna
2021;Janovska, Jana;Ādas novecošanās pazīmju novērtējums pavcientiem ar metabolisko sindromu pēc substitūcijas ar selēnu;"promocijas darba kopsavilkums zinātniskā doktora grāda ""zinātnes doktors (Ph.D.)"" iegūšanai, nozare - klīniskā medicīna, apakšnozare - internā medicīna";;Rīga;Rīgas Stradiņa universitāte;Medicīna
2021;Lauze, Sabīne;Farmācijas attīstība okupāciju varu ietekmē Latvijā (1939 - 1960);"promocijas darba kopsavilkums zinātniskā doktora grāda ""zinātnes doktors (Ph.D.)"" iegūšanai, nozare - citas medicīnas un veselības zinātnes, tai skaitā tiesu medicīniskā ekspertīze, apakšnozare - medicīnas vēsture";;Rīga;Rīgas Stradiņa universitāte;Medicīna
2021;Kons, Artis;Pulvera rentgendifrakcijas un aprēķinu metožu izmantošana izvēlētu farmaceitiski aktīvu vielu polimorfo formu strukturālajiem pētījumiem;promocijas darba kopsavilkums doktora grāda iegūšanai ķīmijas nozarē, apakšnozare: fizikālā ķīmija;;Rīga;Latvijas Universitāte;Ķīmija
2021;Elsiņa, Inese;Sociāli emocionālā kompetence, sociālais atbalsts un attiecības ar vecākiem, skolotājiem un vienaudžiem: pusaudžu pašuztvertie integratīvie depresijas riska un aizsargājošie faktori;promocijas darba kopsavilkums doktora grāda iegūšanai psiholoģijas nozarē, apakšnozare: klīniskā psiholoģija;9789934187124;Rīga;Latvijas Universitāte;Psiholoģija
2021;Deksne, Daiga;Priedēkļverbu semantika un funkcionalitāte latviešu valodā;"promocijas darba kopsavilkums; doktora zinātniskā grāda iegūšanai valodniecības un literatūrzinātnes nozarē latviešu sinhroniskās valodniecības apakšnozarē";9789934187155;Rīga;Latvijas Universitāte;Literatūrzinātne
2021;Kostrikova, Natālija;Blokķēdes tehnoloģiju ieviešanas iespējas Latvijas tautsaimniecībā Baltijas valstu reģiona kontekstā;promocijas darba kopsavilkums zinātniskā doktora grāda zinātnes doktors (Ph.D.) ekonomikā un uzņēmējdarbībā iegūšanai;;Jelgava;Latvijas Lauksaimniecības universitāte;Ekonomika
2021;Makovskis, Kristaps;Ātraudzīgo kokaugu izvērtējums koksnes biomasas ražošanai neizmantotās lauksaimniecības zemēs Latvijā;promocijas darba kopsavilkums zinātniskā doktora grāda zinātnes doktors (Ph.D.) ekonomikā un uzņēmējdarbībā iegūšanai;;Jelgava;Latvijas Lauksaimniecības universitāte;Ekonomika
2021;Ozola, Liene;Īpašiem medicīniskiem nolūkiem paredzētas pārtikas izstrāde;promocijas darba kopsavilkums zinātniskā doktora grāda zinātnes doktors (Ph.D.) pārtikas un dzērienu tehnoloģijās iegūšanai;;Jelgava;Latvijas Lauksaimniecības universitāte;Lauksaimniecība
2021;Gribanova, Svetlana;Motivācijas sistēmas modelēšana, lai palielinātu informācijas tehnoloģiju profesionāļu darba kvalitāti Latvijā;promocijas darba kopsavilkums;;Rīga;Biznesa augstskola Turība;Vadībzinātnes
2021;Vinogradova, Līga;Emociju loma Dziesmu un deju svētku tradīcijas saglabāšanā un pārmantošanā;"promocijas darba kopsavilkums zinātniskā doktora grāda ""zinātnes doktors (Ph.D.)"" iegūšanai, nozare - socioloģija un sociālais darbs, apakšnozare - citas socioloģijas un sociālā darba apakšnozares (emociju socioloģija)";;Rīga;Rīgas Stradiņa universitāte;Socioloģija
2021;Vārtiņa, Edīte;Labā priekškambara audu morfoloģisks raksturojums pacientiem ar koronāro sirds slimību un deģeneratīvu aortālā vārstuļa stenozi;"promocijas darba kopsavilkums zinātniskā doktora grāda ""zinātnes doktors (Ph.D.)"" iegūšanai, nozare - medicīnas bāzes zinātnes, tai skaitā farmācija, apakšnozare - histoloģija un citoloģija";;Rīga;Rīgas Stradiņa universitāte;Medicīna
2021;Menk, Oliver;The Influence of Leadership Power on Trust Between Supervisors and Subordinates in Profit-Oriented Organizations in German Speaking Countries;summary of doctoral thesis submitted for the scientific doctor's degree (Ph.D.) in economics and business;9789934187261;Rīga;Latvijas Universitāte;Ekonomika
2021;Lielpēters, Eduards;Opportunities and Limitations of Digital Democracy in Latvia;summary of doctoral thesis submitted for the scientific doctor's degree in economics and business;9789934187308;Rīga;Latvijas Universitāte;Ekonomika
2021;Pfalz, Reimar;The Impact of Macroeconomic and Individual Factors on Real Estate Mortgage Defaults in Risk Management;summary of doctoral thesis submitted for the scientific doctor's degree (Ph.D.) in economics and business;9789934187322;Rīga;Latvijas Universitāte;Ekonomika
2021;Bušaite, Laima;Magneto-optiskie efekti rubīdija tvaikos un slāpekļa-vakances centros dimanta kristālā;promocijas darba kopsavilkums doktora grāda iegūšanai fizikā, apakšnozare: lāzeru fizika un spektroskopija;9789934187391;Rīga;Latvijas Universitāte;Fizika
2021;Rancāne, Sarmīte;Augu barības elementu reciklācijas iespējas enerģētisko zālaugu plantācijās;promocijas darba kopsavilkums zinātniskā doktora grāda zinātnes doktors (Ph.D.) iegūšanai lauksaimniecības un zivsaimniecības zinātnēs, mežzinātnē;9789984483870;Jelgava;Latvijas Lauksaimniecības universitāte;Mežzinātne
2021;Brice, Inga;Čukstošās galerijas modas silīcija dioksīda mikrosfēras rezonatoru pielietojumi biosensoros un optisko frekvenču ķemmēs;promocijas darba kopsavilkums doktora grāda iegūšanai fizikā, apakšnozare: lāzeru fizika un spektroskopija;9789934187490;Rīga;Latvijas Universitāte;Fizika
2021;Celmiņa, Daiga;Iztēle kā personības izziņas darbību veicinošs faktors literatūras mācību procesā vidusskolā;promocijas darba kopsavilkums zinātnes doktora grāda  (Ph.D.) iegūšanai izglītības zinātņu nozares skolas pedagoģijas apakšnozarē;9789934608186;Liepāja;Liepājas Universitāte;Pedagoģija
2021;Auziņa, Daiga;Mielomas pacientu bioķīmisko marķieru un morfoloģisko rādītāju prognostiskās nozīmes analīze kaulu slimības attīstībā;"promocijas darba kopsavilkums zinātniskā doktora grāda ""zinātnes doktors"" (Ph.D.) iegūšanai, nozare - klīniskā medicīna, apakšnozare - onkoloģija un hematoloģija";;Rīga;Rīgas Stradiņa universitāte;Medicīna
2021;Abuseridze, Giga;Pasaules Tirdzniecības organizācijas (PTO) loma starptautiskās tirdzniecības attīstībā: starptautiskās tirdzniecības tiesību vēsture, problēmas un perspektīvas;"promocijas darba kopsavilkums zinātniskā doktora grāda ""zinātnes doktors (Ph.D.)"" iegūšanai, nozare - tiesību zinātne, apakšnozare - starptautiskās tiesības";;Rīga;Rīgas Stradiņa universitāte;Tiesību zinātne
2021;Zaķe, Tatjana;Vairogdziedzera autoimunitāte: ar Th 17-asociēto citokīnu un patomorfoloģisko mehānismu izpēte Hašimoto tireoidīta un Greivsa slimības patoģenēzē;"promocijas darba kopsavilkums zinātniskā doktora grāda ""zinātnes doktors (Ph.D.)"" iegūšanai, nozare - klīniskā medicīna, apakšnozare - internā medicīna";;Rīga;Rīgas Stradiņa universitāte;Medicīna
2021;Elksnis, Ēriks;Acs asaru plēvītes osmolaritāte pēc kataraktas operācijas;"promocijas darba kopsavilkums zinātniskā doktora grāda ""zinātnes doktors (Ph.D.)"" iegūšanai, nozare - klīniskā medicīna, apakšnozare - oftalmoloģija";;Rīga;Rīgas Stradiņa universitāte;Medicīna
2021;Voložonoka, Ludmila;Sievietes reproduktīvās mazspējas iemesli un genomiskās pieejas to risināšanai;"promocijas darba kopsavilkums zinātniskā doktora grāda ""zinātnes doktors (Ph.D.)"" iegūšanai, nozare - medicīnas bāzes zinātne, tai skaitā farmācija, apakšnozare - medicīniskā ģenētika";;Rīga;Rīgas Stradiņa universitāte;Medicīna
2021;Šilinskė, Neringa;Privātuma aizsardzība nacionālajos tiesību aktos saistībā ar videoieraksta ierīču lietošanu;promocijas darba kopsavilkums izstrādāts zinātniskā doktora grāda piešķiršanai tiesību zinātnē, apakšnozare: civiltiesības;;Rīga;Biznesa augstskola Turība;Tiesību zinātne
2021;Liekniņa, Ilva;ssRNS bakteriofāgu vīrusiem līdzīgās daļiņas – daudzpusīgi instrumenti vakcīnu izstrādes tehnoloģijā;promocijas darba kopsavilkums doktora grāda iegūšanai bioloģijas nozarē, apakšnozare: molekulārā bioloģija;;Rīga;Latvijas Universitāte;Bioloģija
2021;Stāvusis, Jānis;Reto neiromuskulāro slimību molekulārie mehānismi;promocijas darba kopsavilkums doktora grāda iegūšanai bioloģijas nozarē, apakšnozare: molekulārā bioloģija;;Rīga;Latvijas Universitāte;Bioloģija
2021;Elbere, Ilze;Metformīna ietekme uz 2. tipa cukura diabēta pacientu un veselu indivīdu zarnu mikrobiomu un epiģenētiku;promocijas darba kopsavilkums doktora grāda iegūšanai bioloģijas nozarē, apakšnozare: molekulārā bioloģija;;Rīga;Latvijas Universitāte;Bioloģija
2021;Aumeistere, Līva;Mātes piena sastāva izpēte;promocijas darba kopsavilkums zinātniskā doktora grāda zinātnes doktors (Ph.D.) pārtikas un dzērienu tehnoloģijās iegūšanai;;Jelgava;Latvijas Lauksaimniecības universitāte;Lauksaimniecība
2021;Zeipiņa, Solvita;Agroekoloģisko faktoru ietekme uz reti audzētu dārzeņu ražu un kvalitāti;promocijas darba kopsavilkums zinātniskā doktora grāda zinātnes doktors (Ph.D.) iegūšanai lauksaimniecības un zivsaimniecības zinātnēs, mežzinātnē;;Jelgava;Latvijas Lauksaimniecības universitāte;Lauksaimniecība
2021;Majore, Kristīne;Sūkalu valorizācija laktozes pārstrādes produktu ieguvei;promocijas darba kopsavilkums zinātnes doktora (PhD) zinātniskā grāda iegūšanai pārtikas un dzērienu tehnoloģijās;;Jelgava;Latvijas Lauksaimniecības universitāte;Lauksaimniecība
2021;Kalniņš, Artis;Koronārās sirds slimības ārstēšanas metožu salīdzinājums pacientiem ar hroniskām totālām koronāro artēriju oklūzijām;"promocijas darba kopsavilkums zinātniskā doktora grāda ""zinātnes doktors (Ph.D.)"" iegūšanai, nozare - klīniskā medicīna, apakšnozare - kardioloģija";;Rīga;Rīgas Stradiņa universitāte;Medicīna
2021;Krustiņš, Uldis;Ārstēšanas rezultātu salīdzinājums pēc spieķkaula distālo artikulāro lūzumu osteosintēzes ar artroskopiski kontrolētām iekšējās un ārējās fiksācijas metodēm;"promocijas darba kopsavilkums zinātniskā doktora grāda ""zinātnes doktors (Ph.D.)"" iegūšanai, nozare - klīniskā medicīna, apakšnozare - ortopēdija";;Rīga;Rīgas Stradiņa universitāte;Medicīna
2021;Brokāns, Eduards;Par sistēmu klasi, kas rodas biomatemātikā;"promocijas darba kopsavilkums zinātniskā doktora grāda, zinātnes doktors (Ph.D.) matemātikā iegūšanai apakšnozarē ""Diferenciālvienādojumi""";9789984149417;Daugavpils;Daugavpils Universitāte;Matemātika
2021;Grāvele, Evita;Homotermo (soricidae, cricetidae, muridae) un poikilotermo (bufonidae, ranidae) dzīvnieku helmintofaunas īpašības Latvijā;promocijas darba kopsavilkums zinātniskā doktora grāda, zinātnes doktora (Ph.D.) bioloģijā iegūšanai (ekoloģijas apakšnozarē);9789984149370;Daugavpils;Daugavpils Universitāte;Bioloģija
2021;Ņikitina, Olesja;Irīnas un Leonīda Tjuhtajevu pasaku Zoki un Bada un Zoku un Badas skola mākslinieciskā pasaule;promocijas darba kopsavilkums zinātnes doktora (Ph.D.) grāda iegūšanai valodniecības un literatūrzinātnes nozarē (cittautu literatūras vēstures apakšnozarē);9789984149431;Daugavpils;Daugavpils Universitāte;Literatūrzinātne
2021;Kecko, Sanita;Trade-Offs Between Growth, Immunity, Food Quality and Microbiome Symbionts in the Larvae of the Greater Wax Moth (Galleria Mellonella);summary of the doctoral thesis submitted for the degree of doctor (PhD) in biology (subfield: ecology);9789984149394;Daugavpils;Daugavpils Universitāte;Bioloģija
2021;Rubika, Anna;Cilvēka sociālekonomiskais stāvoklis, imūnā funkcija un tās morfoloģiskie un fizioloģiskie marķieri jauniem vīriešiem un sievietēm;promocijas darba kopsavilkums zinātniskā doktora grāda, zinātnes doktora (Ph.D.) bioloģijā iegūšanaai (ekoloģijas apakšnozarē);9789984149387;Daugavpils;Daugavpils Universitāte;Bioloģija
2021;Parkova, Anete;Potenciālu β-laktamāžu inhibitoru sintēze ciklisko borskābju esteru klasē;promocijas darba kopsavilkums doktora grāda iegūšanai ķīmijas nozarē, apakšnozare: organiskā ķīmija;;Rīga;Latvijas Universitāte;Ķīmija
2022;Lūriņa, Rita;Žests latviešu dramatiskajā teātrī un aktiera izglītībā (19. gadsimta beigas – 20. gadsimta 30. gadi);promocijas darba kopsavilkums doktora zinātniskā grāda iegūšanai mūzikā, vizuālajās mākslās un arhitektūrā, kultūras teorijas apakšnozarē;9789934895920;Rīga;Latvijas S2:S50Kultūras akadēmija;Māksla
2022;Vidzemniece, Valda;Modernā deja Latvijā 20. gadsimta pirmajā pusē;promocijas darba kopsavilkums zinātņu doktora grāda iegūšanai zinātņu nozarē mūzika, vizuālās mākslas un arhitektūra, kultūras teorijas apakšnozarē;9789934186363;Rīga;Latvijas Kultūras akadēmija;Māksla
2022;Obuka, Vaira;Sapropel for the Development of Biocomposite Materials: Properties and Application Possibilities;summary of doctoral thesis submitted for the PhD degree in Earth sciences, physical geography and environmental sciences, subfield – environmental sciences;9789934556623;Rīga;Latvijas Universitāte;Vides zinātne
2022;Folkmanis, Kristofs;Clinicopathological Significance of Exosomal Proteins CD9, CD63 and DNA Mismatch Repair Proteins in Prostate Adenocarcinoma and Benign Hyperplasia;summary of doctoral thesis submitted for the Ph.D. degree in medicine, subfield of oncology;9789934187056;Rīga;Latvijas Universitāte;Medicīna
2022;Kaminskis, Aleksejs;Preventīvas embolizācijas nozīme pacientiem ar gastroduodenālas čūlas asiņošanu pēc endoskopiskas hemostāzes;promocijas darba kopsavilkums doktora grāda iegūšanai medicīnas un farmācijas nozarē, apakšnozare: ķirurģija;9789934187094;Rīga;Latvijas Universitāte;Medicīna
2022;Petrovska, Kristīne;Banku nozares sistēmiskā riska novērtēšana Baltijas valstīs = Evaluation of the Systemic Risk of the Banking Sectors in Baltic Countries;promocijas darba kopsavilkums zinātniskā doktora grāda (Ph.D.) ekonomikā un uzņēmējdarbībā iegūšanai;9789934187438;Rīga;Latvijas Universitāte;Ekonomika
2022;Schechowiz, Ralf;Contributions of Chief Financial Officers Working as Interim Managers to Organisation Success in Small and Medium-Sized Companies = Pieaicināto pagaidu galveno finanšu vadītāju loma mazo un vidējo uzņēmumu organizācijas panākumos;summary of doctoral thesis submited for the scientific doctor's degree (Ph.D.) in economics and business;9789934187452;Rīga;Latvijas Universitāte;Ekonomika
2022;Jēgere, Paula;Deju pedagoga profesionālās identitātes izpēte;promocijas darba kopsavilkums zinātnes doktora grāda (Ph.D.) iegūšanai izglītības zinātņu nozares dejas pedagoģijas apakšnozarē;9789934608193;Liepāja;Liepājas Universitāte;Pedagoģija
2022;Lauck, Rene;The Impact of Leader Attitudes on the Innovative Work Behaviour in Real Estate Development Companies = Līderu attieksmes ietekme uz inovatīvo darba uzvedību nekustamo īpašumu attīstības uzņēmumos;summary of doctoral thesis submitted for the scientific doctor's degree (Ph.D.) in economics and business;9789934187537;Rīga;Latvijas Universitāte;Ekonomika
2022;Marinaki, Maksims;Parametru optimizācija un paternu atpazīšana degšanas un reakciju kinētikas modeļiem;promocijas darba kopsavilkums doktora grāda iegūšanai matemātikā, apakšnozare: matemātiskā modelēšana;9789934187551;Rīga;Latvijas Universitāte;Matemātika
2022;Jākobsone, Liene;Kritiskais pārmaiņu dizains;"kritiskā dizaina loma pārmaiņu veicināšanā; promocijas darba kopsavilkums zinātņu doktora (Dr.art.) grāda iegūšanai nozarē ""Mūzika, vizuālā māksla un arhitektūra""";9789934541674;Rīga;Latvijas Mākslas akadēmija;Māksla
2022;Tomele, Gundega;Bērna valodas attīstības veicināšana un valodas traucējumu korekcija Montesori pedagoģijas aspektā;promocijas darba kopsavilkums zinātnes doktora grāda (Ph.D.) iegūšanai izglītības zinātņu nozarē;9789934608209;Liepāja;Liepājas Universitāte;Pedagoģija
2022;Pūķe, Ieva;Mārketinga spējas un to ietekme uz jaunu eksportējošu uzņēmumu rezultātiem;promocijas darba kopsavilkums zinātniskā doktora grāda zinātnes doktors (Ph.D.) ekonomikā un uzņēmējdarbībā iegūšanai;9789934187735;Rīga;Latvijas Universitāte;Ekonomika
2022;Shahid, Muhammad Umer;Multilevel Framework of Quality Entrepreneurship: Role of Entrepreneurial Networking and Country Level Institutional Environment;summary of the doctoral thesis, discipline: economics and business, sub discipline: business management;9789984705545;Rīga;"Biznesa, mākslas un tehnoloģiju augstskola ""RISEBA""";Ekonomika
2022;Lapiņš, Artūrs;Viduslaiku pilsdrupas Latvijas kultūrvidē;"promocijas darba kopsavilkums zinātnes doktora (Ph.D.) grāda iegūšanai ""Mūzika, vizuālā māksla un arhitektūra"", apakšnozare: mākslas zinātne";9789934541759;Rīga;Latvijas Mākslas akadēmija;Māksla
2022;Gritāne, Agita;Mākslinieka Jēkaba Bīnes (1895 – 1955) dzīves gājums un daiļrade Latvijas mākslas, sociālo un politisko notikumu kopainā;"promocijas darba kopsavilkums zinātnes doktora (Ph.D.) grāda iegūšanai ""Mūzika, vizuālā māksla un arhitektūra"", apakšnozare: mākslas zinātne";9789934541773;Rīga;Latvijas Mākslas akadēmija;Māksla
2022;Delesa-Vēliņa, Māra;Empīriskās ticamības metode lokācijas parametram, balstoties uz dažiem robustiem novērtētājiem;promocijas darba kopsavilkums doktora grāda iegūšanai matemātikas nozarē, apakšnozare: varbūtību teorija un statistika;9789934187797;Rīga;Latvijas Universitāte;Matemātika
2022;Mihno, Linda;Finanšu izglītība pamatizglītības pakāpē Latvijā;promocijas darba kopsavilkums zinātniskā doktora grāda zinātnes doktors (Ph.D.) ekonomikā un uzņēmējdarbībā iegūšanai;9789934187902;Rīga;Latvijas Universitāte;Ekonomika
2022;Skuja, Santa;Augļa segu aiztures ārstēšanas metožu salīdzinošs vērtējums un to ietekme uz govju turpmāko laktāciju un reprodukciju;promocijas darba kopsavilkums zinātniskā doktora grāda (Ph.D.) iegūšanai veterinārmedicīnas nozarē;;Jelgava;Latvijas Biozinātņu un tehnoloģiju universitāte;Veterinārmdecīna
2022;Šēnhofa, Silva;Meteoroloģisko faktoru un stādmateriāla ietekme uz papeļu augšanu;promocijas darba kopsavilkums zinātniskā doktora grāda zinātnes doktors (Ph.D.) lauksaimniecības un zivsaimniecības zinātnēs, mežzinātnē iegūšanai;;Jelgava;Latvijas Biozinātņu un tehnoloģiju universitāte;Mežzinātne
2022;Kusmane, Agnese;Lielmēroga dzīvojamo rajonu publiskās ārtelpas vizuāli estētiskās kvalitātes nozīme tās izmantošanas procesos;promocijas darba kopsavilkums mūzikas, vizuālās mākslas un arhitektūras doktora (Ph.D.) zinātniskā grāda iegūšanai Ainavu arhitektūras apakšnozarē;;Jelgava;Latvijas Biozinātņu un tehnoloģiju universitāte;Arhitektūra
2022;Volgemute, Katrīna;Kalnu slēpotāju iztēles spēju un fiziskās pašefektivitātes pilnveide;promocijas darba kopsavilkums zinātnes doktora (Ph.D.) grāda iegūšanai veselības un sporta zinātnes nozarē, sporta pedagoģijas apakšnozarē;9789934520549;Rīga;Latvijas Sporta pedagoģijas akadēmija;Pedagoģija
2022;Zeide, Inga;Izglītības iestāžu vadītāju angļu valodas prasmes kā profesionālā kapitāla resurss dzīves kvalitātes kontekstā;promocijas darba kopsavilkums doktora grāda iegūšanai izglītības zinātnēs, apakšnozare: pieaugušo pedagoģija;9789934187957;Rīga;Latvijas Universitāte;Pedagoģija
2022;Jēgere, Sanda;Invazīvās attēldiagnostikas un funkcionālās izmeklēšanas iespējas mūsdienīgai koronāro artēriju aterosklerotisku bojājumu diagnostikai un ārstēšanai;promocijas darba kopsavilkums doktora grāda iegūšanai medicīnas nozarē, apakšnozare: internā medicīna;9789934187971;Rīga;Latvijas Universitāte;Medicīna
2022;Liepa, Agris;Virtuālās realitātes (ar 3D brillēm) spēles satura izmantošanas ietekme uz senioru kognitīvās un sensomotorās sistēmas funkcijas attīstīšanu;promocijas darba kopsavilkums zinātnes doktora (Ph.D.) grāda iegūšanai veselības un sporta zinātnes nozarē, sporta pedagoģijas apakšnozarē;9789934520556;Rīga;Latvijas Sporta pedagoģijas akadēmija;Pedagoģija
2022;Hager, Frank W.;Support Network Quality and Personality Traits as Moderators on the Relationship Between Perceived Supervisor Support and Employee Burnout;summary of the doctoral thesis submitted for the scientific doctor`s degree (Ph.D.) in economics and business;9789934188008;Rīga;Latvijas Universitāte;Ekonomika
2022;Narbute, Inga;Kreisās koronārās artērijas kopējā stumbra perkutānās intervences pētniecības aspekti Latvijā;promocijas darba kopsavilkums doktora grāda iegūšanai medicīnas nozarē, apakšnozare: internā medicīna;9789934188022;Rīga;Latvijas Universitāte;Medicīna
2022;Pilsētniece, Zane;Urodinamisko rādītāju analīze sievietēm ar urīna nesaturēšanu un to nozīme slimības diagnostikā un ārstēšanā = Analysis of Urodynamic Variables in Females with Urinary Incontinence and Their Role in the Diagnostics and Treatment of the Disease;promocijas darba kopsavilkums doktora grāda iegūšanai klīniskās medicīnas nozarē, apakšnozare: internā medicīna;9789934188077;Rīga;Latvijas Universitāte;Medicīna
2022;Kiseļova, Olga;Ekstemporālo zāļu pieejamība Latvijas aptiekās: situācijas kvantitatīvs un kvalitatīvs novērtējums un nākotnes perspektīva;"promocijas darba kopsavilkums zinātniskā doktora grāda ""zinātnes doktors (Ph.D.)"" iegūšanai, nozare - medicīnas bāzes zinātnes, tai skaitā farmācija, apakšnozare - zāļu formu tehnoloģija";;Rīga;Rīgas Stradiņa universitāte;Medicīna
2022;Borroni, Davide;Descemeta membrānas endotēlija keratoplastika: nākamās paaudzes sekvenēšanas metagenomiski optimizētu audu sagatavošana un ķirurģijas tehnika;"promocijas darba kopsavilkums zinātniskā doktora grāda ""zinātnes doktors (Ph.D.)"" iegūšanai, nozare - klīniskā medicīna, apakšnozare - oftalmoloģija";;Rīga;Rīgas Stradiņa universitāte;Medicīna
2022;Hossfeld, Steffen;The Impact of Digitalization of Decision-making Performance in Supply Chain Management;summary of the doctoral thesis submitted for the scientific doctor`s degree (Ph.D.) in economics and business;9789934188107;Rīga;Latvijas Universitāte;Ekonomika
2022;Začesta, Vita;Anālā sfinktera muskuļa aktivitātes izmaiņām sievietēm pēc dzemdībām;"promocijas darba kopsavilkums zinātniskā doktora grāda ""zinātnes doktors (Ph.D.)"" iegūšanai, nozare - klīniskā medicīna, apakšnozare - dzemdniecība un ginekoloģija";;Rīga;Rīgas Stradiņa universitāte;Medicīna
2022;Bodnieks, Valērijs;Latvijas aizsardzības nozares domāšanas veidnes transformācoja par Eiropas Savienības Kopējās drošības un aizsardzības politiku (2004-2020);"promocijas darba kopsavilkums zinātniskā doktora grāda ""zinātnes doktors (Ph.D.)"" iegūšanai, nozare - politikas zinātne, apakšnozare - starptautiskā politika";;Rīga;Rīgas Stradiņa universitāte;Politika
2022;Vilks, Kārlis;Garķēžu acilkarnitīnu patofizioloģiskās funkcijas šūnas un organisma līmenī;promocijas darba kopsavilkums doktora grāda iegūšanai bioloģijas nozarē, apakšnozare: molekulārā bioloģija;;Rīga;Latvijas Universitāte;Bioloģija
2022;Brīvība, Monta;Molekulārie faktori 2. tipa cukura diabēta terapijas efektivitātes un komplikāciju riska novērtēšanai;promocijas darba kopsavilkums doktora grāda iegūšanai bioloģijas nozarē, apakšnozare: molekulārā bioloģija;;Rīga;Latvijas Universitāte;Bioloģija
2022;Zaļizko, Poļina;Tiopurīna metabolisma noteikšana, pielietojot imunoloģiskās un molekulārās bioloģijas metodes, un vielmaiņas stāvokļa izvērtēšana pacientiem ar iekaisīgām zarnu slimībām;promocijas darba kopsavilkums doktora grāda iegūšanai medicīnas un farmācijas nozarē, apakšnozare: klīniskā medicīna;9789934188121;Rīga;Latvijas Universitāte;Medicīna
2022;Hermane, Agnese;Līderības izpausmes dziesmu un deju svētku māksliniecisko kolektīvu vadībā;promocijas darba kopsavilkums zinātniskā doktora grāda iegūšanai mūzikā, vizuālajās mākslās un arhitektūrā kultūras teorijas apakšnozarē;;Rīga;Latvijas Kultūras akadēmija;Māksla
2022;Vārpa, Normunds;Izmainītas centrālās neirālās regulācijas ietekme uz apakšstilba saliecējmuskuļu aerobo darba spēju nodrošinošajiem faktoriem sportistiem;promocijas darba kopsavilkums zinātnes doktora grāda (Ph.D.) iegūšanai veselības un sporta zinātnes nozarē sporta teorijas un vēstures apakšnozarē;9789934520563;Rīga;Latvijas Sporta pedagoģijas akadēmija;Medicīna
2022;Pudža, Inga;Lokālās struktūras ietekme uz vara molibdāta un tā cieto šķīdumu termohromajām īpašībām;promocijas darba kopsavilkums doktora grāda iegūšanai fizikas un astronomijas nozarē, apakšnozare: cietvielu fizika;9789934188190;Rīga;Latvijas Universitāte;Fizika
2022;Rozentāle, Lidija;Partnerattiecību institūts - problēmjautājumi un tiesiskā regulējuma pilnveide Latvijas Republikā;"promocijas darba kopsavilkums zinātniskā doktora grāda ""zinātnes doktors (Ph.D.)"" iegūšanai, nozare - tiesību zinātne, apakšnozare - civiltiesības";;Rīga;Rīgas Stradiņa universitāte;Tiesību zinātne
2022;Saifutdinov, Farid;Digitālo dvīņu koncepcijas izstrāde un testēšana kā procesu datu noliktava lidostu virszemes satiksmes vadības sistēmās;promocijas darba kopsavilkums zinātniskā doktora grāda iegūšanai būvniecības un transporta inženierzinātnēs, apakšnozare - telemātika un loģistika;9789984818993;Rīga;Transporta un sakaru institūts;Būvzinātne
2022;Spridzāns, Mārtiņš;E-studiju procesa attīstība militarizētā izglītības iestādē;promocijas darba kopsavilkums zinātnes doktora (Ph.D.) zinātniskā grāda iegūšanai izglītības zinātnēs nozaru (militārās) pedagoģijas apakšnozarē;9789984442549;Rēzekne;Rēzeknes Tehnoloģiju akadēmija;Pedagoģija
2022;Priževoite, Ilze;Vispārējās izglītības iestāžu skolotāju atalgojums un sniegums Latvijas reģionos;promocijas darba kopsavilkums zinātniskā doktora grāda zinātnes doktors (Ph.D.) ekonomikā un uzņēmējdarbībā iegūšanai;;Jelgava;Latvijas Biozinātņu un tehnoloģiju universitāte;Ekonomika
2022;Oborenko, Zaiga;Cilvēku ar invaliditāti nodarbinātību ietekmējošo faktoru analīze Latvijā;promocijas darba kopsavilkums zinātniskā doktora grāda zinātnes doktors (Ph.D.) ekonomikā un uzņēmējdarbībā iegūšanai;;Jelgava;Latvijas Biozinātņu un tehnoloģiju universitāte;Ekonomika
2022;Golta, Iveta;Karavīra disciplināratbildība;promocijas darba kopsavilkums studiju programmā tiesību zinātne, izstrādāts doktora grāda iegūšanai tiesību zinātnes nozarē, valststiesību apakšnozarē;;Rīga;Biznesa augstskola Turība;Tiesību zinātne
2022;Katelo, Iveta;Administratīvo pakalpojumu kvalitātes novērtēšana Latvijas publiskā sektora iestādēs;promocijas darba kopsavilkums zinātniskā doktora grāda, zinātnes doktora (Ph.D.) ekonomikā un uzņēmējdarbībā iegūšanai (uzņēmējdarbības vadības apakšnozarē);9789984149530;Daugavpils;Daugavpils Universitāte;Ekonomika
2022;Trofimovs, Igors;Atsevišķu ar īpašuma apdraudējumu saistītu noziegumu identificēšanas un atklāšanas problemātika;promocijas darba kopsavilkums zinātniskā doktora grāda iegūšanai tiesību zinātnē (kriminālistikas un operatīvās darbības teorijas apakšnozarē);9789984149547;Daugavpils;Daugavpils Universitāte;Tiesību zinātne
2022;Krieķis, Andris;Sākumskolēna lasītprasmes attīstības pedagoģiskie nosacījumi;promocijas darba kopsavilkums zinātnes doktora grāda (Ph.D.) iegūšanai izglītības zinātņu nozarē;9789934608261;Liepāja;Liepājas Universitāte;Pedagoģija
2022;Ābeltiņa, Marija;Dažādu izdegšanas modeļu savstarpējās sakarības un sakarības ar psihiskās veselības, iesaistes darbā faktoriem un shēmu terapijas konstruktoriem;promocijas darba kā rakstu kopas kopsavilkums doktora grāda iegūšanai psiholoģijas nozarē, apakšnozare: klīniska psiholoģija;;Rīga;Latvijas Universitāte;Psiholoģija
2022;Labuce, Astra;Mezozooplanktona daudzveidības ekoloģiskā nozīme iesāļūdens ekosistēmā un potenciāls vides stāvokļa novērtēšanā;promocijas darba kopsavilkums doktora grāda iegūšanai bioloģijā, apakšnozare: hidrobioloģija;9789934188299;Rīga;Latvijas Universitāte;Bioloģija
2022;Smagina, Anželika;Craft Entrepreneurship: A Value - Based Perspective;summary of doctoral dissertation, discipline: economics and business, sub-discipline: business management;9789984705552;Rīga;"Biznesa, mākslas un tehnoloģiju augstskola ""RISEBA""";Ekonomika
2022;Ikkere, Laura Elīna;Bioloģisko indikatororganismu un pasīvo paraugu ņemšanas iekārtu pielietojums ķīmisko piesārņotāju noteikšanai ar augstas izšķirtspējas masspektrometrijas metodēm;promocijas darba kopsavilkums doktora grāda iegūšanai ķīmijas nozarē analītiskās ķīmijas apakšnozarē;;Rīga;Latvijas Universitāte;Ķīmija
2022;Āboliņš, Valters;Plaukstas pirkstu radītā spēka un to savstarpējās atkarības izmaiņas izometriskos uzdevumos;procijas darba, kas ir veidots kā vienota zinātnisko publikāciju kopa, kopsavilkums zinātnes doktora (Ph.D.) grāda iegūšanai veselības un sporta zinātnes nozarē sporta teorijas un vēstures apakšnozarē;9789934520570;Rīga;Latvijas Sporta pedagoģijas akadēmija;Pedagoģija
2022;Leduskrasts, Kaspars;Starpmolekulārās mijiedarbības cietvielu luminoforu izstrādē;promocijas darba kopsavilkums doktora grāda iegūšanai ķīmijas nozarē, apakšnozare: organiskā ķīmija;9789934188473;Rīga;Latvijas Universitāte;Ķīmija
2022;Sīle, Liene;Agrīnās intervences programmas adaptēšana un efektivitātes novērtējums pacientiem ar šizofrēniskā spektra pirmo psihozes epizodi Latgales reģionā;"promocijas darba kopsavilkums zinātniskā doktora grāda ""zinātnes doktors (Ph.D.)"" iegūšanai, nozare - klīniskā medicīna, apakšnozare - psihiatrija";;Rīga;Rīgas Stradiņa universitāte;Medicīna
2022;Pimenovs, Einārs;Džudo sarežģīto un daudzveidīgo stāvus cīņas pamattehnikas paņēmienu mācīšanās optimizācija 7 - 12 gadus veciem džudistiem;promocijas darba kopsavilkums zinātnes doktora grāda (Ph.D.) iegūšanai veselības un sporta zinātnes nozarē sporta pedagoģijas apakšnozarē;9789934520587;Rīga;Latvijas Sporta pedagoģijas akadēmija;Pedagoģija
2022;Siliņeviča, Veronika;Elektroenerģijas pieprasījuma reakcijas mehānisma attīstības veicināšana ar atjaunīgo energoresursu integrāciju un patērētāju iesaisti Latvijā;"promocijas darba kopsavilkums zinātniskā doktora grāda ""zinātnes doktora (Ph.D.)"" iegūšanai, nozare - ekonomika un uzņēmējdarbība, apakšnozare - reģionālā ekonomika";;Rīga;Rīgas Stradiņa universitāte;Ekonomika
2022;Bārdule, Kristīne;Apvērstās mācīšanās pieejas īstenošanas dizains mācību diferenciācijai skolēnu centrētā mācību procesā sākumskolā;promocijas darba kopsavilkums zinātnes doktora grāda (Ph.D.) iegūšanai izglītības zinātņu nozarē;9789934608285;Liepāja;Liepājas Universitāte;Pedagoģija
2022;Romāne-Kalniņa, Līga;Nacionālās identitātes veidošana un atspoguļojums Baltijas valstu prezidentu runās – korpusā balstīta kritiskā diskursa analīze;promocijas darba kopsavilkums doktora grāda iegūšanai valodniecības un literatūrzinātnes nozarē lietišķās valodniecības apakšnozarē;9789934188541;Rīga;Latvijas Universitāte;Literatūrzinātne
2022;Daudziņa, Zane;Aktiera runa 21. gadsimta latviešu teātrī;promocijas darba kopsavilkums doktora grāda iegūšanai mūzikas, vizuālās mākslas un arhitektūras nozarē, apakšnozare: kultūras teorija;;Rīga;Latvijas Kultūras akadēmija;Māksla
2022;Ozola-Davidāne, Rūta;Development and Characterization of Clay-based Composities for Innovative and Environmentally Friendly Applications;summary of doctoral thesis submitted for the PhD degree in earth sciences, physical geography, environmental sciences, subfield - environmental sciences;9789934188619;Rīga;Latvijas Universitāte;Vides zinātne
2022;Kozlovska, Ieva;Ilgtermiņa nefinanšu aktīvu vadība korporatīvās pārvaldības sistēmā;promocijas darba kopsavilkums, zinātnes nozare: ekonomika un uzņēmējdarbība, zinātnes apakšnozare: uzņēmējdarbības vadība;9789984746272;Rīga;Banku augstskola;Ekonomika
2022;Kiršteina, Anna;Gripas vīrusa hemaglutinīna stalka domēna imunoprotektīvais un diagnostiskais potenciāls jaunu vakcīnu prototipu izstrādei;promocijas darba kopsavilkums doktora grāda iegūšanai bioloģijas nozarē, molekulārās bioloģijas apakšnozarē;;Rīga;Latvijas Universitāte;Bioloģija
2022;Rozenštoka, Sandra;Fiziskās slodzes tolerances atbilstība sportistu veselības stāvoklim;"promocijas darba kopsavilkums zinātniskā doktora grāda ""zinātnes doktors (Ph.D.)"" iegūšanai, nozare - klīniskā medicīna, apakšnozare - internā medicīna";;Rīga;Rīgas Stradiņa universitāte;Medicīna
2022;Urbāne, Urzula Nora;Klīnisko pazīmju kopuma, vecāku un ārstu intuitīvā novērtējuma nozīme smagu bakteriālu infekciju diagnostikā bērniem ar drudzi;"promocijas darba kopsavilkums zinātniskā doktora grāda ""zinātnes doktors (Ph.D.)"" iegūšanai, nozare - klīniskā medicīna, apakšnozare - pediatrija";;Rīga;Rīgas Stradiņa universitāte;Medicīna
2022;Laukalēja, Ilze;Volatile and Bioactive Compounds in Different Roast Level Specialty Coffee;summary of the doctoral thesis for acquiring a doctor of science (PhD) in food and beverage technologies;;Jelgava;Latvijas Biozinātņu un tehnoloģiju universitāte;Lauksaimniecība
2022;Gudele, Ina;Elektroniskās komercijas izmantošanas faktoru analīze mazo un vidējo uzņēmumu sektorā Latvijā;promocijas darba kopsavilkums zinātniskā doktora grāda zinātnes doktors (Ph.D.) ekonomikā un uzņēmējdarbībā iegūšanai;;Jelgava;Latvijas Biozinātņu un tehnoloģiju universitāte;Ekonomika
2022;Šarenkova, Inga;Laktobionskābes ieguves biotehnoloģiskie risinājumi;promocijas darba kopsavilkums zinātniskā doktora grāda zinātnes doktors (Ph.D.) pārtikas un dzērienu tehnoloģijās iegūšanai;;Jelgava;Latvijas Biozinātņu un tehnoloģiju universitāte;Lauksaimniecība
2022;Pilvere, Aija;Akciju tirgus pilnveidošanas iespējas Baltijas valstu attīstībai;promocijas darba kopsavilkums zinātniskā doktora grāda zinātnes doktors (Ph.D) ekonomikā un uzņēmējdarbībā iegūšanā;;Jelgava;Latvijas Biozinātņu un tehnoloģiju universitāte;Ekonomika
2022;Ārne, Astra;Topinambūra miltu koncentrāta un tā sinbiotikas ietekme uz teļu (Bos taurus L.) augšanu un gremošanas kanāla attīstību pirmajos postnatālās ontoģenēzes mēnešos;promocijas darba kopsavilkums zinātniskā doktora grāda (Ph.D) iegūšanai veterinārmedicīnas zinātnē;;Jelgava;Latvijas Biozinātņu un tehnoloģiju universitāte;Veterinārmdecīna
2022;Gedzurs, Aleksejs;Asinhrono elektrodzinēju termiskā stāvokļa noteikšanas risinājumi to ekspluatācijas drošuma paaugstināšanai;promocijas darba kopsavilkums zinātnes doktora (Ph.D.) zinātniskā grāda iegūšanai;;Jelgava;Latvijas Biozinātņu un tehnoloģiju universitāte;Enerģētika
2022;Gordins, Andrejs;Dmitrija Merežkovska personība un daiļrade Latvijā 1900.-30. gados periodikas materiālos;promocijas darba kopsavilkums zinātnes doktora (Ph.D.) grāda iegūšanai valodniecības un literatūrzinātnes nozarē (cittautu literatūras vēstures apakšnozarē);9789984149639;Daugavpils;Daugavpils Universitāte;Literatūrzinātne
2022;Kuzņecova, Kristīne;Sabiedriskās kārtības un drošības teorētiskie un praktiskie aspekti globalizācijas apstākļos;promocijas darba kopsavilkums zinātniskā doktora grāda (PhD) iegūšanai tiesību zinātnes apakšnozarē - policijas tiesības;9789984149660;Daugavpils;Daugavpils Universitāte;Tiesību zinātne
2022;Grizāne, Maija;Pareizticība un vecticība: starpkonfesionālā integrēšana Vitebskas guberņas rietumu apriņķos 19. gs. beigās - 20. gs. sākumā;promocijas darba kopsavilkums zinātniskā doktora grāda zinātnes doktores (Ph.D.) vēsturē un arheoloģijā iegūšanai (Vēstures nozarē, Latvijas vēstures apakšnozarē);9789984149578;Daugavpils;Daugavpils Universitāte;Vēsture
2022;Rubeniņa, Ilze;Benzantrona luminofori trematoda un nematoda parazītu efektīvai un ātrai izpētei;promocijas darba kopsavilkums zinātniskā doktora grāda, zinātnes doktora (Ph.D.) bioloģijā iegūšanai (zooloģijas apakšnozare);9789984149684;Daugavpils;Daugavpils Universitāte;Bioloģija
2022;Zafran, Muhammad;Mazumtirgotāja ietekme uz patērētāja zīmola izvēli un kaitējumi patērētāju lojalitātei Pakistānas mazumtirdzniecības nozarē;promocijas darba kopsavilkums doktora grāda iegūšanai ekonomikas un uzņēmējdarbības zinātnē uzņēmējdarbības vadības apakšnozarē;;Rīga;Biznesa augstskola Turība;Ekonomika
2022;Baitimirova, Margarita;Grafēnu saturošo slāņainu nanostruktūru veidošana un to īpašību pētījumi;promocijas darba kopsavilkums doktora grāda iegūšanai ķīmijas nozarē, apakšnozare: fizikālā ķīmija;9789934188749;Rīga;Latvijas Universitāte;Ķīmija
2022;Janowski, Nurgul;Influence of a Leader as a Coach and Agile Work Practice on Agile Transformation in Companies;summary of the doctoral thesis submitted for the scientific doctor's degree (Ph.D.) in economics and business;9789934188787;Rīga;Latvijas Universitāte;Ekonomika
2022;Perveņecka, Jūlija;Amorfu plānu kārtiņu veidojošu organisko savienojumu optisko īpašību un pastiprinātās spontānās emisijas izpēte iespējamiem pielietojumiem organiskos cietvielu lāzeros;promocijas darba kopsavilkums doktora grāda iegūšanais fizikas nozarē, apakšnozare: cietvielu fizika;9789934188800;Rīga;Latvijas Universitāte;Fizika
2022;Ozols, Ainārs;Paplašinātās realitātes displejos izmantojama multifokālā šķidro kristālu difuzora materiālu, dizaina un ražošanas tehnoloģijas optimizācija = Optimization of Materials, Design and Production Technology of Multifocal Liquid Crystal Diffuser for Augmented Reality Displays;promocijas darba kopsavilkums fizikas doktora grāda iegūšanai, apakšnozare: materiālu fizika;9789934188848;Rīga;Latvijas Universitāte;Fizika
2022;Wever, Mark;The Effect of Frequent Flyer Programs on Consumer Behavior = Biežo lidojumu programmu ietekme uz patērētāju uzvedību;summary of doctoral thesis submitted for the scientific doctor's degree (Ph.D.) in economics and business;9789934188916;Rīga;Latvijas Universitāte;Ekonomika
2022;Veispals, Mārtiņš;Smaiļotāja īriena jaudas izmaiņas, slodzes apjoms un sportiskais sniegums megaciklā;promocijas darba kopsavilkums zinātnes doktora grāda (Ph.D.) iegūšanai veselības un sporta zinātnes nozarē, sporta pedagoģijas apakšnozarē;9789934520594;Rīga;Latvijas Sporta pedagoģijas akadēmija;Pedagoģija
2022;Megnis, Kaspars;Hipofīzes audzēju patoģenēzes biomolekulāro mehānismu izpēte;promocijas darba kopsavilkums doktora grāda iegūšanai bioloģijas nozarē, apakšnozare: molekulārā bioloģija;;Rīga;Latvijas Universitāte;Bioloģija
2022;Kazarina, Alisa;Senā mikrobioma biomolekulārais raksturojums arheoloģiskajos paraugos Latvijā;promocijas darba kopsavilkums doktora grāda iegūšanais bioloģijas nozarē, apakšnozare: molekulārā bioloģija;;Rīga;Latvijas Universitāte;Bioloģija
2022;Zaben, Abdelqader;Spontāni magnetizētu mikrostīgu dinamika ārējā magnētiskajā laukā: eksperimentāla izpēte;promocijas darba kopsavilkums : iesniegts doktora grāda iegūšanai fizikā, apakšnozare: šķidrumu un gāzu mehānika;9789934188923;Rīga;Latvijas Universitāte;Fizika
2022;Langins, Aigars;Magnētisko šķidrumu brīvo virsmu dinamikas simulācijas trijās dimensijās ar robežintegrālvienādojumiem;promocijas darba kopsavilkums doktora grāda iegūšanai fizikā, apakšnozare: šķidrumu un gāzu mehānika;9789934188961;Rīga;Latvijas Universitāte;Fizika
2022;Upīte, Jolanta;Anti-β-amiloīda terapija un uzlabota metodoloģija zāļu intracerebrālai ievadei apvienojumā ar kvantitatīvo histopatoloģisko analīzi Alcheimera slimības peļu modeļos;promocijas darba kopsavilkums doktora grāda iegūšanai medicīnas bāzes zinātņu, tai skaitā farmācijas nozarē, apakšnozare: farmaceitiskā farmakoloģija;9789934189005;Rīga;Latvijas Universitāte;Medicīna
2022;Gailite, Jurgita;Metaboliskā sindroma riska faktori, komplikācijas un īpatnības bērniem un pusaudžiem ar aptaukošanos;"promocijas darba kopsavilkums zinātniskā doktora grāda ""zinātnes doktors (Ph.D.)"" iegūšanai, nozare- klīniskā medicīna, apakšnozare- pediatrija";;Rīga;Rīgas Stradiņa universitāte;Medicīna
2022;Līdaka, Lāsma;Policistisko olnīcu sindroms pusaudzēm - starppaaudžu, ģenētiskie, dzīves kvalitātes un negausīgas ēšanas aspekti;"promocijas darba kopsavilkums zinātniskā doktora grāda ""zinātnes doktors (Ph.D.)"" iegūšanai, nozare- klīniskā medicīna, apakšnozare- dzemdniecība un ginekoloģija";;Rīga;Rīgas Stradiņa universitāte;Medicīna
2022;Daugulis, Mārtiņš;"Ķīnas Tautas Republikas stratēģisko ārpolitikas vēstījumu dinamika un sadarbības formātu transformācija: ""17 + 1"" sadarbības formāta gadījuma analīze";"promocijas darba kopsavilkums zinātniskā doktora grāda ""zinātnes doktors (Ph.D.)"" iegūšanai, nozare- politikas zinātne, apakšnozare- politikas teorija";;Rīga;Rīgas Stradiņa universitāte;Politika
2022;Semjonova, Guna;DAid viedā krekla tehnoloģijas izmantošana terapijā pacientiem ar subakromiālo sāpju sindromu;"promocijas darba kopsavilkums zinātniskā doktora grāda ""zinātnes doktors (Ph.D.)"" iegūšanai, nozare- veselības un sporta zinātnes, apakšnozare- sporta medicīna un rehabilitoloģija";;Rīga;Rīgas Stradiņa universitāte;Medicīna
2022;Pekša, Jānis;Autonomas lēmumpieņemšanas algoritmu modularizēta implementācija uzņēmuma resursu plānošanas sistēmās;promocijas darba kopsavilkums;;Rīga;Rīgas Tehniskā universitāte;Informāciju tehnoloģijas
2022;Bojāre, Kristīna;Īsa svārstīga finanšu cikla novērtēšana CESEE reģiona valstīs;promocijas darba kopsavilkums zinātnes doktora grāda zinātnes doktors (Ph.D.) sociālajās zinātnēs iegūšanai;9789934189036;Rīga;Latvijas Universitāte;Ekonomika
2022;Neimane, Kristīne;Tiesības uz taisnīgu tiesu civilprocesā;"promocijas darba kopsavilkums studiju programmā tiesību zinātne; izstrādāts zinātniskā doktora grāda iegūšanai tiesību zinātnes nozarē, civiltiesību apakšnozarē";;Rīga;Biznesa augstskola Turība;Tiesību zinātne
2022;Ziemele, Ināra;Atbildība ēku būvniecībā;promocijas darba kopsavilkums izstrādāts zinātniskā doktora grāda iegūšanai tiesību zinātnes nozarē, valsts tiesību apakšnozarē;;Rīga;Biznesa augstskola Turība;Tiesību zinātne
2022;Kaklys, Karolis;Lietuvas pašvaldības tiesiskā regulējuma problēmas politiskā mazākuma (opozīcijas) tiesību nodrošināšanas kontekstā;promocijas darba kopsavilkums izstrādāts zinātniskā doktora grāda iegūšanai tiesību zinātnes nozarē, valststiesību apakšnozarē;;Rīga;Biznesa augstskola Turība;Tiesību zinātne
2022;Kozirovskis, Viktors ;Embrioģenēzi regulējošā Sonic Hedgehog signālceļa nozīme sīkšūnu plaušu vēža prognozē un rezistences attīstībā = Role of Sonic Hedgehog Embryonic Signalling Pathway in Small Cell Lung Cancer Prognosis and Development of Resistance;promocijas darba kopsavilkums zinātnes doktora grāda (Ph.D.) iegūšanai medicīnas un veselības zinātnēs;9789934189067;Rīga;Latvijas Universitāte;Medicīna
2022;Balčus, Zane;"""Dokumentālo filmu teksti un konteksti: tēmas, stili un sistēmas Latvijas kinomākslā"". Zinātnisko publikāciju kopa";"promocijas darba kopsavilkums zinātniskā doktora grāda ""zinātnes doktors"" (Ph.D.)"" iegūšanai nozare - mūzika, vizuālās mākslas un arhitektūra, apakšnozare - kultūras teorija";9789934895968;Rīga;Latvijas Kultūras akadēmija;Māksla
2022;Hoļms, Jurijs;Ģeotelpiskās informācijas infrastruktūras īstenošana;promocijas darba kopsavilkums zinātnes doktora (Ph.D.) zinātniskā grāda iegūšanai elektrotehnikas, elektronikas, informācijas un komunikāciju tehnoloģiju nozarē;;Jelgava;Latvijas Biozinātņu un tehnoloģiju universitāte;Informāciju tehnoloģijas
2022;Jonova, Sintija;Topinambūra koncentrāta un tā kombinācijas ar Saccharomyces cerevisiae ietekme uz teļu postnatālo attīstību;promocijas darba kopsavilkums zinātniskā doktora grāda (Ph.D.) iegūšanai veterinārmedicīnas nozarē;;Jelgava;Latvijas Biozinātņu un tehnoloģiju universitāte;Veterinārmdecīna
2022;Briede, Inese;Epiteliāli mezenhimālas transformācijas, iekaisuma un cilmes šūnu diferenciācijas saistība kolorektālā vēzī;"promocijas darba kopsavilkums zinātniskā doktora grāda ""zinātnes doktors (Ph.D.)"" iegūšanai, nozare - medicīnas bāzes zinātnes, tai skaitā farmācija, apakšnozare - patoloģija";;Rīga;Rīgas Stradiņa universitāte;Medicīna
2022;Nazarovs, Jurijs;Multiplās mielomas morfoloģiskie un imūnhistoķīmiskie prognostiskie faktori un to korelācija ar saslimšanas klīniski laboratoriskajiem rādītājiem;"promocijas darba kopsavilkums zinātniskā doktora grāda ""zinātnes doktors (Ph.D.)"" iegūšanai, nozare - medicīnas bāzes zinātnes, tai skaitā farmācija, apakšnozare - patoloģija";;Rīga;Rīgas Stradiņa universitāte;Medicīna
2022;Šuriņa, Sanita;Ar Covid-19 preventīvo uzvedību saistītie faktori Latvijas iedzīvotāju populācijā;"promocijas darba kopsavilkums zinātniskā doktora grāda ""zinātnes doktors (Ph.D.)"" iegūšanai, nozare - psiholoģija, apakšnozare - veselības psiholoģija";;Rīga;Rīgas Stradiņa universitāte;Psiholoģija
2022;Moisejevs, Rolands;Lichens and Allied Fungi in Latvia, with Emphasis on Dead Wood-dwelling Species in Post-harvest dry Pine Forests;thesis summary for obtaining the doctoral degree (Ph.D.) in biology (branch: botany);9789984149738;Daugavpils;Daugavpils Universitāte;Bioloģija
2022;Sniķeris, Jānis;Mikro un nano struktūru iegūšana uz metālu un metālu kompozītmateriālu plāno kārtiņu virsmām ar fokusētu elektronu starojumu;promocijas darba kopsavilkums fixikas doktora (Dr.phys.) zinātniskā grāda iegūšanai;9789984149721;Daugavpils;Daugavpils Universitāte;Fizika
2022;Dimante, Ilze;Kartupeļu sīkbumbuļu audzēšanas efektivitātes paaugstināšanas iespēju izvērtējums;promocijas darba kopsavilkums zinātnes doktora (Ph.D.) grāda iegūšanai lauksaimniecības un zivsaimniecības zinātnēs, mežzinātnē;;Jelgava;Latvijas Biozinātņu un tehnoloģiju universitāte;Lauksaimniecība
2022;Ļeontjevs, Aleksejs;Integrēta pieeja nodokļu optimizācijai Latvijā;"promocijas darba kopsavilkums zinātnes doktora grāda ""zinātnes doktors (Ph. D.)"" iegūšanai, nozare - ekonomika un uzņēmējdarbība, apakšnozare - reģionālā ekonomika";;Rīga;Rīgas Stradiņa universitāte;Ekonomika
2022;Butāne, Līna;Ikdienā integrēta un attālināti pārraudzīta fizioterapijas programma starpdisciplināras ārstēšanas pieejā pacientiem ar pulmonālo arteriālo hipertensiju;"promocijas darba kopsavilkums zinātnes doktora grāda ""zinātnes doktors (Ph. D.)"" iegūšanai, nozare - veselības un sporta zinātnes, apakšnozare - sporta medicīna un rehabilitoloģija";;Rīga;Rīgas Stradiņa universitāte;Medicīna
2022;Ivaščenko, Tarass;Oksidatīvā stresa marķieri GPx un MDA un depresijas smagums kā atkārtotu stabiles koronārās sirds slimības notikumu prognostiskie faktori;"promocijas darba kopsavilkums zinātnes doktora grāda ""zinātnes doktors (Ph. D.)"" iegūšanai, nozaru grupa - medicīnas un veselības zinātnes, nozare - klīniskā medicīna, apakšnozare - internā medicīna";;Rīga;Rīgas Stradiņa universitāte;Medicīna
2023;Peina, Elīna;Mūsdienu latviešu terminogrāfijas teorētiska un pragmatiska analīze;promocijas darbs zinātnes doktora (Ph.D.) zinātniskā grāda iegūšanai humanitārajās un mākslas zinātnēs;;Liepāja;Liepājas Universitāte;Māksla
2023;Medne, Antra;Aleksandra Čaka izglītības ceļš un skolotāja darbs literatūrvēsturiskos kontekstos;promocijas darba kopsavilkums zinātnes doktora (P.D.) grāda iegūšanai humanitārajās un mākslas zinātnēs;9789934189159;Rīga;Latvijas Universitāte;Literatūrzinātne
2023;Astafičevs, Aleksandrs;Basketbolistu psihiskās noturības un vispārējās pašefektivitātes pilnveide snieguma paaugstināšanai;promocijas darba kopsavilkums zinātnes doktora (Ph.D.) grāda iegūšanai veselības un sporta zinātnes nozarē, sporta pedagoģijas apakšnozarē;9789934520617;Rīga;Latvijas Sporta pedagoģijas akadēmija;Pedagoģija
2023;Mackeviča, Antoņina;Incorporation of Risk Management Best Practices into the Sector of Education;summary of doctoral thesis submitted for the scientific doctor's degree (Ph.D.) in social sciences;9789934189272;Rīga;Latvijas Universitāte;Pedagoģija
2023;Stikāne, Ilze;“Un kurš gan patiesībā nekad nav ticējis Jēzum?”: katolicisms Džeka Keruaka Louelas romānos;promocijas darba kopsavilkums doktora grāda iegūšanai humanitārās un mākslas zinātnēs filozofijas, ētikas un reliģijas nozarē, apakšnozare: sistemātiskā un praktiskā teoloģija;9789934189296;Rīga;Latvijas Universitāte;Teoloģija
2023;Baranovskis, Reinis;Elektromagnētiski ierosinātu plūsmu izpēte ar mērķi optimizēt degazācijas procesu šķidrā metālā;promocijas darba kopsavilkums : doktora grāda iegūšanai fizikas un astronomijas nozarē, apakšnozare: Šķidrumu un gāzu mehānika;9789934189319;Rīga;Latvijas Universitāte;Fizika
2023;Koehn, Maximilian-Benedikt;The Impact of Behavioral Factors on the Investment Decision-Making of Portfolio Managers in Europe;summary of doctoral thesis submitted for the scientific doctor's degree (Ph.D.) in social sciences;9789934189388;Rīga;Latvijas Universitāte;Ekonomika
2023;Vilciņš, Reinis;Scientisma kritika Ludviga Vitgenšteina filozofijā;promocijas darba kopsavilkums doktora grāda iegūšanai filozofijas, ētikas un reliģijas nozarē, apakšnozare: izziņas un apziņas teorija (epistemoloģija, gnozeoloģija);9789934189494;Rīga;Latvijas Universitāte;Filozofija
2023;Bikava, Ieva;Latvijas veselības politikas reforma no 1990. līdz 2020. gadam vēsturiskā institucionālisma skatījumā;"promocijas darba kopsavilkums zinātniskā doktora grāda ""zinātnes doktors (Ph. D.)"" iegūšanai, nozaru grupa- sociālās zinātnes, nozare- politikas zinātne, apakšnozare- pārvalde un administrācija";;Rīga;Rīgas Stradiņa universitāte;Politika
2023;Rožkalne, Zane;Autonomija dalībā un veselības aprūpē un gatavība pārejai uz pieaugušo veselības aprūpi jauniešiem ar cerebrālo trieku;"promocijas darba kopsavilkums zinātniskā doktora grāda ""zinātnes doktors (Ph. D.)"" iegūšanai, nozaru grupa- medicīnas un veselības zinātnes, nozare- veselības un sporta zinātnes, apakšnozare- sporta medicīna un rehabilitoloģija";;Rīga;Rīgas Stradiņa universitāte;Medicīna
2023;Šteinberga, Dzintra;Grobmana-Hartmana teorēmas vispārinājumi neautonomām dinamiskām sistēmām;promocijas darba kopsavilkums iesniegts matemātikas doktora grāda iegūšanai diferenciālvienādojumu apakšvirzienā;9789934189524;Rīga;Latvijas Universitāte;Matemātika
2023;Lastovska, Agnese;Pedagoģiskās uzņēmējspējas konceptualizācija skolotāju izglītības pilnveidei;promocijas darba kopsavilkums doktora grāda iegūšanai sociālajās zinātnēs;9789934189562;Rīga;Latvijas Universitāte;Pedagoģija
2023;Doķe, Guna;Sarkanā un infrasarkanā pēcspīdēšana ar pārejas metālu joniem aktivētos germanātu materiālos;promocijas darba kopsavilkums doktora grāda iegūšanai fizikas nozarē, apakšnozare: cietvielu fizika;9789934189609;Rīga;Latvijas Universitāte;Fizika
2023;Ķeķe, Anete;Dehidrēta medus iegūšana un kvalitāte;promocijas darba kopsavilkums zinātnes doktora (Ph.D.) zinātniskā grāda iegūšanai pārtikas un dzērienu tehnoloģijās;;Jelgava;Latvijas Biozinātņu un tehnoloģiju universitāte;Lauksaimniecība
2023;Hāzners, Juris;Latvijas lauksaimniecības preču un pārtikas produktu ārējās tirdzniecības plūsmu modelēšana importa atkarības mazināšanai;promocijas darba kopsavilkums zinātnes doktora grāds zinātnes doktors (Ph.D.) sociālās zinātnēs iegūšanai;;Jelgava;Latvijas Biozinātņu un tehnoloģiju universitāte;Lauksaimniecība
2023;Milgrāvis, Mikus;Kombinētas magnētiskā lauka iedarbības metalurģiskiem pielietojumiem;promocijas darba kopsavilkums doktora grāda iegūšanai astronomijas nozarē, apakšnozare: šķidrumu un gāzu mehānika;9789934189685;Rīga;Latvijas Universitāte;Fizika
2023;Kāle, Maija;Jauna konceptuāla ietvara izveide labākai izpratnei par pārtikas patērētāju: Starpdisciplināra lielo datu pieeja;promocijas darba kopsavilkums doktora grāda iegūšanai datorzinātēs, citas datorzinātnes un informātikas apakšnozares: uztveres un kognitīvās sistēmas;9789934189715;Rīga;Latvijas Universitāte;Datorzinātne
2023;Pretkalniņa, Lauma;Formāls latviešu valodas gramatikas modelis un tā realizācija mašīnlasāmā sintakses korpusā;promocijas darba kopsavilkums doktora grāda iegūšanai datorzinātņu nozarē, apakšnozare: datoru un sistēmu programmatūra;9789934189753;Rīga;Latvijas Universitāte;Datorzinātne
2023;Buņina, Aleksandra;Semantisko lauku ietekme uz deficīta izpausmēm frazeoloģismu tulkojumos no franču valodas latviešu valodā;promocijas darba kopsavilkums zinātnes doktora grāda (PhD) iegūšanai humanitārajās un mākslas zinātnēs valodniecības un literatūrzinātnes nozarē, sastatāmās un salīdzināmās valodniecības apakšnozarē;9789934189777;Rīga;Latvijas Universitāte;Literatūrzinātne
2023;Jakubovskis, Germans;Peldētāju sacensību darbības un elpošanas sistēmas kvantitatīvo parametru pilnveide;promocijas darba kopsavilkums zinātnes doktora (Ph.D.) grāda iegūšanai veselības un sporta zinātnes nozarē sporta pedagoģijas apakšnozarē;9789934520655;Rīga;Latvijas Sporta pedagoģijas akadēmija;Pedagoģija
2023;Popovs, Aleksandrs;Biznesa arhitektūras ietvars digitālās transformācijas ceļveža izveidošanai un paredzēto rezultātu kalibrēšanai;promocijas darba kopsavilkums, studiju programma: ekonomika un uzņēmējdarbības vadības zinātne, doktora grāda iegūšanai ekonomikas un uzņēmējdarbības zinātnē uzņēmējdarbības vadības apakšnozarē;;Rīga;Biznesa augstskola Turība;Ekonomika
2023;Platoņenko, Aleksandrs;Radiācijas punktveida defektu modelēšana un raksturošana α-Al2O3 un MgAl2O4 kristālos no pirmajiem principiem;promocijas darba kopsavilkums doktora grāda iegūšanai dabaszinību nozarē, apakšnozare: fizika, astronomija un mehānika;9789934189814;Rīga;Latvijas Universitāte;Fizika
2023;Berenis, Didzis;Rotējošu pastāvīgo magnētu ierosinātas turbulentas šķidra metāla plūsmas skaitliska modelēšana;promocijas darba kopsavilkums doktora grāda iegūšanai fizikas nozarē, apakšnozare: šķidrumu un gāzu mehānika;9789934189852;Rīga;Latvijas Universitāte;Fizika
2023;Kļaviņš, Linards;Biorefining of Vaccinium Berries and their Press Residues to Obtain Bioactive Functional Ingredients;doctoral thesis submitted for the degree of science (Ph.D.) in natural sciences (in the field of earth sciences, physical geography and environmental sciences);9789934189890;Rīga;Latvijas Universitāte;Ģeogrāfija
2023;Fainglozs, Ļevs;Biznesa eņģeļu jaunuzņēmumu dibinātāju vērtēšanas kritēriji investīciju veikšanai;promocijas darba kopsavilkums zinātnes nozare: ekonomika un uzņēmējdarbība, apakšnozare: uzņēmējdarbības vadība;9789984705576;Rīga;"Biznesa, mākslas un tehnoloģiju augstskola ""RISEBA""";Ekonomika
2023;Pestovs, Pāvels;Datu kompleksās analīzes modelis skolas attīstības risinājumiem;promocijas darba kopsavilkums zinātniskā doktora grāda zinātnes doktors (Ph. D.) sociālajās zinātnēs iegūšanai;9789934189937;Rīga;Latvijas Universitāte;Pedagoģija
2023;Sūna, Normunds;Komorbiditāte un riska faktori epilepsijas un akūtu simptomātisku krampju lēkmju gadījumā;promocijas darba kopsavilkums zinātnes doktora grāda (Ph.D) iegūšanai Medicīnas un veselības zinātnes, Klīniskās medicīnas nozarē, Neiroloģijas apakšnozarē;9789934189951;Rīga;Latvijas Universitāte;Medicīna
2023;Surovovs, Kirils;Liela diametra silīcija kristālu audzēšanas ar pjedestāla procesu skaitliskā modelēšana;promocijas darba kopsavilkums iesniegts doktora grāda fizikā iegūšanai, apakšnozare: šķidrumu un gāzu mehānika;9789934360015;Rīga;Latvijas Universitāte;Fizika
2023;Martinova, Jekaterīna;Kluyveromyces marxianus biotehnoloģiskā potenciāla palielināšana;promocijas darba kopsavilkums doktora grāda iegūšanai bioloģijas nozarē, apašnozare: biotehnoloģijas;;Rīga;Latvijas Universitāte;Bioloģija
2023;Kokina, Agnese;Purīna badināšanas ietekme uz maizes rauga Saccharomyces cerevisiae fizioloģiju;promocijas darba kopsavilkums zinātnes doktora grāda iegūšanai dabaszinātnēs, apakšnozare: mikrobioloģija;;Rīga;Latvijas Universitāte;Bioloģija
2023;Pleiko, Kārlis;Aptamēri pret karcinomas šūnu virsmas receptoriem;promocijas darba kopsavilkums doktora grāda iegūšanai bioloģijas nozarē, apakšnozare: molekulārā bioloģija;;Rīga;Latvijas Universitāte;Bioloģija
2023;Eversone, Madara;Latvijas Padomju rakstnieku savienība: stratēģija, taktika un opozicionālās prakses (1940 - 1965);promocijas darba kopsavilkums zinātnes doktora (Ph.D.) grāda iegūšanai humanitārajās un mākslas zinātnes;9789934360060;Rīga;Latvijas Universitāte;Literatūrzinātne
2023;Niedre-Lathere, Kristīne;Ekosistēmas darbības konceptuālās pamatnostādnes izglītības pārvaldības pilnveidē pašvaldībā;promocijas darba kopsavilkums zinātnes doktora grāda (Ph. D.) iegūšanai izglītības zinātnēs, apakšnozare: vispārīgā pedagoģija;9789934608506;Liepāja;Liepājas Universitāte;Pedagoģija
2023;Horsta, Karīna;Arhitekts Ernests Štālbergs (1883-1958);"promocijas darba kopsavilkums zinātnes doktora (Ph. D.) grāda iegūšanai nozarē ""Mūzika, vizuālās mākslas un arhitektūra"", apakšnozare: vizuālo mākslu vēsture un teorija";9789934630026;Rīga;Latvijas Mākslas akadēmija;Māksla
2023;Kļaviņa-Makrecka, Solvita;Subjektīvās veselības un labbūtības saistība ar miega ilgumu pusaudžu populācijā Latvijā;"promocijas darba kopsavilkums zinātnes doktora grāda ""zinātnes doktors (Ph. D.)"" iegūšanai, nozaru grupa - medicīnas un veselības zinātnes, nozare - veselības un sporta zinātnes, apakšnozare - sabiedrības veselība";;Rīga;Rīgas Stradiņa universitāte;Medicīna
2023;Šneidere, Kristīne;Kognitīvo rezervju, kognitīvo funkciju un smadzeņu volumetrijas saistības gados vecākiem pieaugušajiem bez demences;"promocijas darba kopsavilkums zinātnes doktora grāda ""zinātnes doktors (Ph. D.)"" iegūšanai, nozaru grupa - sociālās zinātnes, nozare - psiholoģija, apakšnozare - kognitīvā psiholoģija";;Rīga;Rīgas Stradiņa universitāte;Psiholoģija
2023;Kalniņa (Millere), Elīna;Šarko-Marī-Tūta slimības klīnisko izpausmju dažādība un tās saistība ar neirofilamentu un ģenētisko tipu;"promocijas darba kopsavilkums zinātnes doktora grāda ""zinātnes doktors (Ph. D.)"" iegūšanai, nozaru grupa - medicīnas veselības zinātnes, nozare - klīniskā medicīna, apakšnozare - neiroloģija";;Rīga;Rīgas Stradiņa universitāte;Medicīna
2023;Kotāne, Inta;Apstrādes rūpniecības mazo un vidējo uzņēmumu snieguma novērtēšana Latvijā;promocijas darba kopsavilkums zinātnes doktora grāds zinātnes doktors (Ph.D.) sociālās zinātnēs iegūšanai;;Rēzekne;Rēzeknes Tehnoloģiju akadēmija;Ekonomika
2023;Gāliņa, Daiga;Rezistentā Escherichia coli izplatība cūkām un tā samazināšanas iespējas;promocijas darba kopsavilkums zinātniskā doktora grāda (Ph.D.) iegūšanai veterinārmedicīnas zinātnē;;Jelgava;Latvijas Biozinātņu un tehnoloģiju universitāte;Veterinārmdecīna
2023;Ražuka-Ebela, Danute;Populācijai pielāgota pieeja pepsinogēnu testa uzlabošanai kuņģa priekšvēža stāvokļu diagnostikā;promocijas darba kopsavilkums zinātnes doktora grāda (Ph.D) iegūšanai medicīnas un veselības zinātnes klīniskās medicīnas nozarē, apakšnozare: internā medicīna;9789934360152;Rīga;Latvijas Universitāte;Medicīna
2023;Borisovs, Vitālijs;DNS bojājumu ģenētiskais fons multiplā sklerozē un brīvo radikāļu veidošanās multiplas sklerozes un 1. tipa diabēta pacientiem;promocijas darba kopsavilkums doktora grāda iegūšanai bioloģijas nozarē, apakšnozare: molekulārā bioloģija;9789934360176;Rīga;Latvijas Universitāte;Bioloģija
2023;Jefimovs, Nikolajs;Kapitālsabiedrības valdes kompleksa darba izvērtēšana komerciālo attiecību organizācijas jomā;promocijas darba kopsavilkums zinātniskā doktora grāda zinātnes doktors (Ph.D.) sociālajās zinātnēs iegūšanai (uzņēmējdarbības vadības apakšnozarē);9789984149851;Daugavpils;Daugavpils Universitāte;Ekonomika
2023;Urbāne, Biruta;Implicīto un eksplicīto attieksmju izpēte pret Latvijas un ārzemju pārtikas produktu zīmoliem;promocijas darba kopsavilkums zinātniskā doktora grāda zinātnes doktors (Ph.D.) sociālajās zinātnēs iegūšanai (apakšnozare: sociālā psiholoģija);9789984149813;Daugavpils;Daugavpils Universitāte;Psiholoģija
2023;Samuilika, Inna;Matemātiskais modelis tīklu klasei lietojumos;"promocijas darba kopsavilkums zinātniskā doktora grāda zinātnes doktors (Ph.D.) matemātikā iegūšanai apakšnozarē ""Diferenciālvienādojumi""";9789984149776;Daugavpils;Daugavpils Universitāte;Matemātika
2023;Kudiņš, Jānis;Sudraba ekonomika: pēcdarbspējas vecuma iedzīvotāju nodarbinātības veicināšana Latvijā;promocijas darba kopsavilkums zinātniskā doktora grāda zinātnes doktors (Ph.D.) sociālajās zinātnēs iegūšanai;9789984149912;Daugavpils;Daugavpils Universitāte;Ekonomika
2023;Retiķe, Inga;Characterization of Geochemical Composition and Pollution Impacts on Groundwater Quality in Latvia to Elaborate Monitoring System and Management Approaches;doctoral thesis submitted for the degree of Doctor of Science (Ph.D.) in Natural Sciences (in the field of Earth Sciences, Physical Geography and Environmental Sciences);9789934360305;Rīga;Latvijas Universitāte;Ģeogrāfija
2023;Mūrniece, Sniedze;Uz infrasarkano staru spektroskopijas balstīta klīniskā algoritma izmantošana mugurkaula operācijās un pēcoperācijas kognitīvie traucējumi;"promocijas darba kopsavilkums zinātnes doktora grāda ""zinātnes doktors (Ph. D.)"" iegūšanai, nozaru grupa - medicīnas un veselības zinātnes, nozare - klīniskā medicīna, apakšnozare - anestezioloģija un reanimatoloģija";;Rīga;Rīgas Stradiņa universitāte;Medicīna
2023;Madelāne, Monta;Ar endotoksīniem saistīto bioķīmisko marķieru un fēču mikrobiotas atšķirības pacientiem ar HIV un HCV infekciju;"promocijas darba kopsavilkums zinātnes doktora grāda ""zinātnes doktors (Ph. D.)"" iegūšanai, nozaru grupa - medicīnas un veselības zinātnes, nozare - veselības un sporta zinātnes, apakšnozare - infekcijas slimības";;Rīga;Rīgas Stradiņa universitāte;Medicīna
2023;Piģēns, Kārlis;Īpašumtiesību iezīmes un attīstības tendences zemes dzīļu izmantošanā Latvijas Republikā;"promocijas darba kopsavilkums zinātnes doktora grāda ""zinātnes doktors (Ph. D.)"" iegūšanai, nozaru grupa - sociālās zinātnes, nozare - tiesību zinātne, apakšnozare - civiltiesības";;Rīga;Rīgas Stradiņa universitāte;Tiesību zinātne
2023;Mustafins, Pāvels;Cilvēku ar invaliditāti - sēdvolejbola spēlētāju - veselības un dzīves kvalitātes rādītāji;"promocijas darba kopsavilkums zinātnes doktora grāda ""zinātnes doktors (Ph. D.)"" iegūšanai, nozaru grupa - medicīnas un veselības zinātnes, nozare - veselības un sporta zinātnes, apakšnozare - sporta medicīna un rehabilitoloģija";;Rīga;Rīgas Stradiņa universitāte;Medicīna
2023;Boobani, Behnam;Āra rekreācijas aktivitāšu ietekme uz teakvondo sportistu stresa līmeni un psihisko noturību sacensību periodā;promocijas darba kopsavilkums zinātnes doktora (PhD) grāda iegūšanai veselības un sporta zinātnē, sporta pedagoģijas apakšnozarē;;Rīga;Latvijas Sporta pedagoģijas akadēmija;Pedagoģija
2023;Vanags, Edmunds;Depresijas simptomu un kodola afekta saistība ar kognitīvajām funkcijām;promocijas darba kopsavilkums doktora grāda iegūšanai psiholoģijas nozarē, apakšnozare: klīniskā psiholoģija;;Rīga;Latvijas Universitāte;Psiholoģija
2023;Berga, Linda;Darba izpildi prognozējošie psiholoģiskie raksturlielumi atsevišķās darba jomās;promocijas darba kā rakstu kopas kopsavilkums doktora grāda iegūšanai psiholoģijas nozarē, apakšnozare: sociālā psiholoģija;;Rīga;Latvijas Universitāte;Psiholoģija
2023;Bērziņa, Sabīne;Izmaiņas skolotāju un 3.-6. klašu skolēnu uztvertajā skolas klimatā un skolēnu sociāli emocionālajā kompetencē pēc piedalīšanās sociāli emocionālās mācīšanās programmā;promocijas darba kopsavilkums doktora grāda iegūšanai psiholoģijas zinātņu nozarē, apakšnozare: attīstības psiholoģija;;Rīga;Latvijas Universitāte;Psiholoģija
2023;Ķemere, Meldra;Retzemju jonu luminiscence un enerģijas pārnese diaktivētos oksifluorīdu stiklos un stikla keramikā;promocijas darba kopsavilkums doktora grāda iegūšanai fizikas un astronomijas nozarē, apakšnozare: cietvielu fizika;9789934360367;Rīga;Latvijas Universitāte;Fizika
2023;Vindača, Olga;Assessment of Pedagogical Competence of Academic Staff in Transformative Digital Learning Context;summary of PhD thesis submitted for PhD degree in social sciences;9789984442730;Rēzekne;Rēzeknes Tehnoloģiju akadēmija;Pedagoģija
2023;Ošiņa, Ilze;Spektrāllīniju attēlveidošana bezkontakta ādas diagnostikai un viltojumu atklāšanai;promocijas darba kopsavilkums doktora grāda iegūšanai fizikas un astronomijas nozarē, apakšnozare: medicīniskā fizika;9789934360428;Rīga;Latvijas Universitāte;Fizika
2023;Vēvere, Daira;Dziļo tāmnieku izlokšņu fonētiskās un morfoloģiskās sistēmas dinamika;promocijas darba kopsavilkums zinātnes doktora (Ph.D.) grāda iegūšanai humanitārajās un mākslas zinātnēs;9789934360589;Rīga;Latvijas Universitāte;Literatūrzinātne
2023;Labucis, Atis;Vides faktoru un fitoplanktona funkcionālo grupu ietekme uz pirmprodukcijas sezonālo dinamiku Rīgas līcī;promocijas darba kopsavilkums doktora grāda iegūšanai bioloģijā, apakšnozare: hidrobioloģija;9789934360657;Rīga;Latvijas Universitāte;Bioloģija
2023;Birjukovs, Mihails;Burbuļu un daļiņu plūsmas šķidrā metālā un sakausējumu sacietēšanas izpēte, izmantojot jaunas attēlu un datu analīzes metodes;promocijas darba kopsavilkums doktora grāda fizikā iegūšanai, specializācija: šķidrumu un gāzu mehānika;9789934360695;Rīga;Latvijas Universitāte;Fizika
2023;Banis, Kārlis;Inovatīvu risinājumu izstrāde iekšdedzes motoru gāzu apmaiņas sistēmas efektivitātes paaugstināšanai;promocijas darba kopsavilkums zinātnes doktora grāda (Ph.D.) iegūšanai;;Jelgava;Latvijas Biozinātņu un tehnoloģiju universitāte;Inženierzinātne
2023;Kazuša, Irina;Kritiskā domāšana medicīniskās ķīmijas studijās;promocijas darba kopsavilkums zinātnes doktora grāda (Ph.D.) iegūšanai;;Jelgava;Latvijas Biozinātņu un tehnoloģiju universitāte;Pedagoģija
2023;Siksnāne, Ieva;Agrohidroloģisko faktoru ietekmes novērtējums uz lauksaimniecības noteces kvalitāti;promocijas darba kopsavilkums zinātnes doktora grāda (Ph.D.) iegūšanai;;Jelgava;Latvijas Biozinātņu un tehnoloģiju universitāte;Lauksaimniecība
2023;Ķēniņa, Laura;Oglekļa uzkrājums vecās mežaudzēs hemiboreālajos mežos ar sausām minerālaugsnēm;promocijas darba kopsavilkums zinātnes doktora grāda zinātnes doktore (Ph.D.) lauksaimniecības, meža un veterinārās zinātnēs iegūšanai;;Salaspils novads;Latvijas Valsts mežzinātnes institūts Silava;Mežzinātne
2023;Jansone, Liene;Sauerkraut Juice for New Product Development;summary of the doctoral thesis for the doctoral degree of science (Ph.D.) in Engineering Science and Technologies;;Jelgava;Latvijas Biozinātņu un tehnoloģiju universitāte;Lauksaimniecība
2023;Zuļģe, Neda;Ābeļu hlorotiskās lapu plankumainības vīrusa epidemioloģija un ģenētiskā daudzveidība Latvijā un augļkoku atveseļošanas iespējas;promocijas darba kopsavilkums zinātnes doktora grāda (Ph.D.) iegūšanai lauksaimniecības, meža un veterinārās zinātnēs;;Jelgava;Latvijas Biozinātņu un tehnoloģiju universitāte;Lauksaimniecība
2023;Švarta, Agrita;Ziemas kviešu lapu slimību ietekme uz ražu un tās struktūrelementiem;promocijas darba kopsavilkums zinātnes doktora grāda (Ph.D.) iegūšanai lauksaimniecības, meža un veterinārajās zinātnēs;;Jelgava;Latvijas Biozinātņu un tehnoloģiju universitāte;Lauksaimniecība
2023;Levāne-Petrova, Kristīne;Ciešamās kārtas funkcionālā sistēma latviešu valodā;promocijas darba kopsavilkums zinātnes doktora (Ph.D.) grāda iegūšanai humanitārajās un mākslas zinātnēs valodniecības un literatūrzinātnes nozares latviešu sinhroniskās valodniecības apakšnozarē;9789934360794;Rīga;Latvijas Universitāte;Literatūrzinātne
2023;Česnokovs, Andrejs;Punktveida defektu un to lokālas struktūras ietekme uz platjoslu materiālu vadāmību CeO2 un ZnO piemērā;promocijas darba kopsavilkums zinātniskā doktora grāda fizikā iegūšanai;9789934360831;Rīga;Latvijas Universitāte;Fizika
2023;Puķītis, Kārlis;Evolūcijas un dinamisko procesu monitorings agrīnā pēcasimptotiskā milžu zara zvaigžņu augstas izšķirtspējas spektros;promocijas darba kopsavilkums doktora grāda iegūšanai fizikas un astronomijas nozarē, apakšnozare: astrofizika un fundamentālā astronomija;9789934360893;Rīga;Latvijas Universitāte;Fizika
2023;Griķe, Anna Elizabete;Tautas dievbijība Romas katoļu draudzēs Latgales pierobežā;promocijas darba kopsavilkums zinātnes doktora (Ph. D.) grāda iegūšanai humanitārajās un mākslas zinātnēs;9789934360930;Rīga;Latvijas Universitāte;Literatūrzinātne
2023;Butlers, Aldis;Siltumnīcefekta gāzu emisiju ietekmējošie faktori eitrofos purvaiņos un kūdreņos;promocijas darba kopsavilkums zinātnes doktora grāda zinātnes doktors (Ph. D.) lauksaimniecības, meža un veterinārās zinātnēs iegūšanai;9789934603136;Salaspils novads;Latvijas Valsts mežzinātnes institūts Silava;Mežzinātne
2023;Bernāns, Edgars;Garo distanču skriešanas ekonomiskumu ietekmējošie biomehāniskie raksturlielumi;promocijas darba kopsavilkums zinātnes doktora (Ph. D.) grāda iegūšanai veselības un sporta zinātnes nozarē, sporta teorijas un vēstures apakšnozarē;9789934520679;Rīga;Latvijas Sporta pedagoģijas akadēmija;Medicīna
2023;Paipare, Mirdza;Mūzikas terapeita profesionālās kompetences attīstība Latvijā;promocijas darba kopsavilkums zinātnes doktora grāda zinātnes doktors (Ph. D.) sociālajās zinātnēs iegūšanai (izglītības zinātņu nozares augstskolas pedagoģijas apakšnozarē);9789934608667;Liepāja;Liepājas Universitāte;Pedagoģija
2023;Dundure, Evija;Impact of Factors on Financial Planning for Retirement in Latvia;summary of doctoral thesis submitted for the scientific doctor's degree (Ph. D.) in social sciences;9789934360992;Rīga;Latvijas Universitāte;Ekonomika
2023;Schüssler, Florian;Effect of Digital Process Maturity on the Efficiency of Product Development in Mechanical Engineering = Digitālā procesa brieduma ietekme uz produktu izstrādes efektivitāti mašīnbūvē;summary of doctoral thesis submitted for the scientific doctor's degree (Ph. D.) in social sciences;9789934361012;Rīga;Latvijas Universitāte;Ekonomika
2023;Jeromanova-Maura, Silva;Biznesa variatīvie modeļi sociālās uzņēmējdarbības attīstībai Latvijā;promocijas darba kopsavilkums doktora grāda iegūšanai ekonomikas un uzņēmējdarbības zinātnē, uzņēmējdarbības vadības apakšnozarē;;Rīga;Biznesa augstskola Turība;Ekonomika
2023;Veinbergs, Vilnis;Latvijas apsardzes komersanta eksportspējīgs pakalpojums Baltijas valstīs;"promocijas darba kopsavilkums, studiju programma: uzņēmējdarbības vadība; promocijas darbs izstrādāts doktora grāda (Ph.D.) iegūšanai ekonomikas un uzņēmējdarbības zinātnē un uzņēmējdarbības vadības apakšnozarē";;Rīga;Biznesa augstskola Turība;Ekonomika
2023;Puķina-Slava, Lāsma;Šķidrumu robežvirsmas izsmērēšanās un gravitācijas ietekme uz magnētisko mikrokonvekciju;promocijas darba kopsavilkums doktora grāda iegūšanai fizikas un astronomijas nozarē, apakšnozare: šķidrumu un gāzu mehānika;9789934360350;Rīga;Latvijas Universitāte;Fizika
2023;Avotiņš, Andris;Conservation Ecology of Owls Regularly Breeding in Latvia = Latvijā regulāri ligzdojošo pūču aizsardzības ekoloģija;summary of doctoral thesis submitted for the degree of doctor of biology, subfield of zoology;9789934361081;Rīga;Latvijas Universitāte;Bioloģija
2023;Jansone-Langina, Zane;Metodoloģijas izstrāde kataraktas radīto redzes izmaiņu izvērtēšanai;promocijas darba kopsavilkums doktora grāda iegūšanai fizikas un astronomijas nozarē, apakšnozare: medicīniskā fizika;9789934361104;Rīga;Latvijas Universitāte;Fizika
2023;Goba-Medne, Līva;Skolotāju profesionālo darbību transformējoša mācīšanās pieredze Covid-19 pandēmijas situācijā;promocijas darba kopsavilkums zinātnes doktora grāda (PhD) sociālajās zinātnēs iegūšanai, apakšnozare: vispārīgā pedagoģija;9789934361197;Rīga;Latvijas Universitāte;Pedagoģija
2023;Zaļuma, Astra;Susceptibility of Native and Introduced Conifers to Heterobasidion spp. in Latvia and Control Measures to Limit Spread of the Pathogens = Vietējo un introducēto skuju koku uzņēmība pret Heterobasidion spp. Latvijā un sakņu trupes ierobežošanas iespējas;summary of doctoral thesis submitted for the degree of PhD of natural sciences, subfield microbiology;9789934361210;Rīga;Latvijas Universitāte;Bioloģija
2023;Ovčiņņikova, Jūlija;Vizuāli semantisko tehnoloģiju rīki;promocijas darba kopsavilkums zinātnes doktora grāda zinātnes doktors (Ph. D.) dabaszinātnēs iegūšanai datorzinātnes un informātikas nozarē, apakšnozare: programmēšanas valodas un sistēmas;;Rīga;Latvijas Universitāte;Datorzinātne
2023;Vainšeļbauma, Nineļa Miriama;Ļaundabīgo audzēju ar poliploīdiju asociēto atavistisko un reproduktīvo evolucionāro adaptāciju izpēte;promocijas darba kopsavilkums zinātnes doktora (PhD) grāda iegūšanai dabaszinātnēs, apakšnozare: molekulārā bioloģija;;Rīga;Latvijas Universitāte;Bioloģija
2023;Žunna, Agrita;Vilka Canis lupus populācijas stāvoklis pēc sugas aizsardzības plāna ieviešanas Latvijā;promocijas darba kopsavilkums doktora grāda iegūšanai bioloģijas zinātņu nozarē, apakšnozare: zooloģija;;Rīga;Latvijas Universitāte;Bioloģija
2023;Krūze, Ēriks;Apaļā jūrasgrunduļa Neogobius melanostomus (Pallas 1814) populācijas attīstība un loma grunts zivju sabiedrībā = Round Goby Neogobius Melanostomus (Pallas 1814) Population Development and Role on the Demersal Fish Community;promocijas darba kopsavilkums doktora grāda iegūšanai dabas zinību nozarē, apakšnozare: hidrobioloģija;9789934361234;Rīga;Latvijas Universitāte;Bioloģija
2023;Džeriņš, Pēteris;Elektriskās pretestības tomogrāfijas izmantošana pazemes karsta formu izpētē;promocijas darba kopsavilkums doktora grāda (PhD) iegūšanai zemes zinātņu, fiziskās ģeogrāfijas un vides zinātņu nozarē, apakšnozare: lietišķā ģeoloģija;9789934361258;Rīga;Latvijas Universitāte;Ģeogrāfija
2023;Lavrenovs, Artūrs;Pakalpojumatteices atstaroto amplificēto apjomīgo uzbrukumu kapacitātes mērīšana;promocijas darba kopsavilkums zinātnes doktora grāda zinātnes doktors (Ph. D.) dabaszinātnēs iegūšanai datorzinātnes un informātikas nozarē, apakšnozare: datu apstrādes sistēmas un datortīkli;;Rīga;Latvijas Universitāte;Datorzinātne
2023;Neimane, Liene;Noziedzīgi iegūtu līdzekļu legalizācijas novēršanas un apkarošanas krimināltiesiskā un procesuālā problemātika un pilnveidošanas perspektīvas;"promocijas darba kopsavilkums zinātnes doktora grāda ""zinātnes doktors (Ph. D.)"" iegūšanai, nozaru grupa - sociālās zinātnes, nozare - tiesību zinātne, apakšnozare - krimināltiesības";;Rīga;Rīgas Stradiņa universitāte;Tiesību zinātne
2023;Kakars, Mohits;Kompleksa klīniska, molekulārbioloģiska un mikrobioloģiska izpēte bērna vecuma akūta komplicēta un nekomplicēta apendicīta gadījumā;"promocijas darba kopsavilkums zinātnes doktora grāda ""zinātnes doktors (Ph. D.)"" iegūšanai, nozaru grupa - medicīnas un veselības zinātnes, nozare - klīniskā medicīna, apakšnozare - ķirurģija (bērnu ķirurģija)";;Rīga;Rīgas Stradiņa universitāte;Medicīna
2023;Avena, Līga;Kvalitātes aspekta tiesiskās problēmas publisko iepirkumu līgumos;"promocijas darba kopsavilkums zinātnes doktora grāda ""zinātnes doktors (Ph. D.)"" iegūšanai, nozaru grupa - sociālās zinātnes, nozare - tiesību zinātne, apakšnozare - civiltiesības";;Rīga;Rīgas Stradiņa universitāte;Tiesību zinātne
2023;Vīksne (Klagiša), Renāta;Biofilmu nozīme recidivējoša tonsilīta un paratonsilārā abscesa patoģenēzē un klīniskajā norisē;"promocijas darba kopsavilkums zinātnes doktora grāda ""zinātnes doktors (Ph. D.)"" iegūšanai, nozaru grupa - medicīnas un veselības zinātnes, nozare - klīniskā medicīna, apakšnozare - otorinolaringoloģija";;Rīga;Rīgas Stradiņa universitāte;Medicīna
2023;Dinsberga, Jolanta;Ceļa servitūta tiesiskā regulējuma ģenēze: valdošā un kalpojošā nekustamā īpašuma īpašnieku interešu tiesiskie un praktiskie aspekti;"promocijas darba kopsavilkums zinātnes doktora grāda ""zinātnes doktors (Ph. D.)"" iegūšanai, nozaru grupa - sociālās zinātnes, nozare - tiesību zinātne, apakšnozare - civiltiesības";;Rīga;Rīgas Stradiņa universitāte;Tiesību zinātne
2023;Ozola (Vidējā), Melita;Trimetilamīna N-oksīda regulācija kardiometabolo slimību ārstēšanā;"promocijas darba kopsavilkums zinātnes doktora grāda ""zinātnes doktors (Ph. D.)"" iegūšanai, nozaru grupa - medicīnas un veselības zinātnes, nozare - medicīnas bāzes zinātnes, tai skaitā farmācija, apakšnozare - farmaceitiskā farmakoloģija";;Rīga;Rīgas Stradiņa universitāte;Medicīna
2023;Vinogradova, Vineta Viktorija;Depresijas un ģeneralizētas trauksmes traucējumu simptomu izplatība un dzimuma specifiskie asociētie faktori Latvijas vispārējā pieaugušo iedzīvotāju populācijā;"promocijas darba kopsavilkums zinātnes doktora grāda ""zinātnes doktors (Ph. D.)"" iegūšanai, nozaru grupa - medicīnas un veselības zinātnes, nozare - klīniskā medicīna, apakšnozare - psihiatrija";;Rīga;Rīgas Stradiņa universitāte;Medicīna
2023;Zdanovskis, Nauris;Galvas smadzeņu kvalitatīvu un kvantitatīvu radioloģisko biomarķieru izmaiņu saistība ar kognitīvo funkciju izmaiņām un demenci;"promocijas darba kopsavilkums zinātnes doktora grāda ""zinātnes doktors (Ph. D)"" iegūšanai, nozaru grupa - medicīnas un veselības zinātnes, nozare - klīniskā medicīna, apakšnozare - rentgenoloģija un radioloģija";;Rīga;Rīgas Stradiņa universitāte;Medicīna
2023;Moisejenko-Goluboviča, Jeļena;Bazālo šūnu karcinomas patoģenēzes un lokālo recidīvu attīstības īpatnības galvas un kakla rajonā;"promocijas darba kopsavilkums zinātnes doktora grāda ""zinātnes doktors (Ph. D.)"" iegūšanai, nozaru grupa - medicīnas un veselības zinātnes, nozare - klīniskā medicīna, apakšnozare - dermatoloģija un veneroloģija";;Rīga;Rīgas Stradiņa universitāte;Medicīna
2023;Judvaitis, Jānis;Bezvadu sensoru tīklu testa vides iespējošana augstai TRL pētniecībai;promocijas darba kopsavilkums zinātnes doktora grāda zinātnes doktors (Ph. D.) dabaszinātnēs iegūšanai datorzinātnes un informātikas nozarē, apakšnozare: datu apstrādes sistēmas un datortīkli;;Rīga;Latvijas Universitāte;Datorzinātne
2023;Vikmane, Elīna;Kibermuzeoloģijas attīstība: digitālo inovāciju difūzijas izpēte muzeju nozarē Latvijā;"promocijas darba kopsavilkums zinātnes doktora grāda ""Zinātnes doktors (Ph.D.)"" iegūšanai, nozaru grupa: humanitārās un mākslas zinātnes, nozare: mūzika, vizuālā māksla un arhitektūra, apakšnozare: kultūras teorija";;Rīga;Latvijas Kultūras akadēmija;Māksla
2023;Koleda, Oļesja;Bioloģiski nozīmīgu heterociklisko savienojumu elektroķīmiskā sintēze = Electrochemical Synthesis of Biologically Relevant Heterocycles;promocijas darba kopsavilkums zinātnes doktora grāda (PhD) iegūšanai dabaszinātnēs, ķīmijas nozare, organiskās ķīmijas apakšnozare;9789934361494;Rīga;Latvijas Universitāte;Ķīmija
2023;Grīnfelde, Inga;Konceptuālā hidroloģiskā modeļa METQ pilnveide urbānās hidroloģiskās atbildes vienības izveidei un SEG emisiju modelēšanai;promocijas darba kopsavilkums zinātnes doktora grāda (Ph. D.) iegūšanai;;Jelgava;Latvijas Biozinātņu un tehnoloģiju universitāte;Vides zinātne
2023;Klūga, Alise;Gumiņbaktēriju daudzveidība Latvijas augsnēs;promocijas darba kopsavilkums zinātņu doktora grāda (Ph. D.) iegūšanai lauksaimniecības, meža un veterinārās zinātnēs;;Jelgava;Latvijas Biozinātņu un tehnoloģiju universitāte;Lauksaimniecība
2023;Irmeja, Aļona;Pašnodarbinātības sociāli ekonomiskie aspekti;promocijas darba kopsavilkums zinātnes doktora grāda (Ph. D.) iegūšanai;;Jelgava;Latvijas Biozinātņu un tehnoloģiju universitāte;Ekonomika
2023;Dobele, Madara;Urbānās lauksaimniecības koncepts, potenciāls un attīstības perspektīvas Latvijā;promocijas darba kopsavilkums zinātnes doktora grāda (Ph. D.) iegūšanai;;Jelgava;Latvijas Biozinātņu un tehnoloģiju universitāte;Vadībzinātnes
2023;Ķauķīte, Sintija;Interpunkcijas un grafisko zīmju loma tekstveidē;promocijas darba kopsavilkums zinātnes doktora (Ph.D.) grāda iegūšanai humanitārajās un mākslas zinātnēs valodniecības un literatūrzinātnes nozarē, apakšnozare: latviešu sinhroniskā valodniecība;9789934361555;Rīga;Latvijas Universitāte;Literatūrzinātne
2023;Fridmanis, Jēkabs;Proteīnu infekciozo aģentu pētījumi izmantojot KMR;promocijas darba kopsavilkums doktora grāda iegūšanai bioloģijas nozarē, molekulārās bioloģijas apakšnozarē;;Rīga;Latvijas Universitāte;Bioloģija
2023;Valciņa, Olga;Legionella spp. izplatība, ģenētiskā daudzveidība un virulences potenciāls;"promocijas darba kopsavilkums zinātnes doktora grāda ""zinātnes doktors (Ph. D.)"" iegūšanai, nozaru grupa - medicīnas un veselības zinātnes, nozare - medicīnas bāzes zinātnes, tai skaitā farmācija, apakšnozare - citas medicīnas bāzes zinātņu, tai skaitā farmācijas, apakšnozares";;Rīga;Rīgas Stradiņa universitāte;Medicīna
2023;Dimitrijevs, Pāvels;Izoselenazolija sāļu ietekme uz vēža metabolismu;"promocijas darba kopsavilkums zinātnes doktora grāda ""zinātnes doktors (Ph. D.)"" iegūšanai, nozaru grupa - medicīnas un veselības zinātnes, nozare - medicīnas bāzes zinātnes, tai skaitā farmācija, apakšnozare - farmaceitiskā farmakoloģija";;Rīga;Rīgas Stradiņa universitāte;Medicīna
2023;Bule (Aitullina), Aleksandra;Kolistīna lietošanas prakse un nefrotoksicitāte kritiski slimiem pacientiem ar karbapenēmu rezistentu gramnegatīvo baktēriju infekciju;"promocijas darba kopsavilkums zinātnes doktora grāda ""zinātnes doktors (Ph. D.)"" iegūšanai, nozaru grupa - medicīnas un veselības zinātnes, nozare - medicīnas bāzes zinātnes, tai skaitā farmācija, apakšnozare - klīniskā farmācija";;Rīga;Rīgas Stradiņa universitāte;Medicīna
2023;Rācenis, Kārlis;Bakteriofāgu antibakteriālā darbība multirezistentās un biofilmu veidojošās infekcijās;"promocijas darba kopsavilkums zinātnes doktora grāda ""zinātnes doktors (Ph. D.)"" iegūšanai, nozaru grupa - medicīnas un veselības zinātnes, nozare - klīniskā medicīna, apakšnozare - internā medicīna";;Rīga;Rīgas Stradiņa universitāte;Medicīna
2023;Vaivads, Mārtiņš;Gēni un gēnu proteīni dažādu sejas šķeltņu skartos audos;"promocijas darba kopsavilkums zinātnes doktora grāda ""zinātnes doktors (Ph. D.)"" iegūšanai, nozaru grupa - medicīnas un veselības zinātnes, nozare - medicīnas bāzes zinātnes, tai skaitā farmācija, apakšnozare - histoloģija un citoloģija";;Rīga;Rīgas Stradiņa universitāte;Medicīna
2023;Kigitoviča, Dana;Meldonija efekti preklīniskā modelī un pacientiem ar labā kambara mazspēju;"promocijas darba kopsavilkums zinātnes doktora grāda ""zinātnes doktora (Ph.D.)"" iegūšanai, nozaru grupa - medicīnas un veselības zinātnes, nozare - klīniskā medicīna, apakšnozare - internā medicīna";;Rīga;Rīgas Stradiņa universitāte;Medicīna
2023;Valdmane, Liene;Pedagogu uzskati par medijpratību kā rīcībspējas komponenti mediju izglītības kontekstā;promocijas darba kopsavilkums zinātnes doktora grāda (Ph. D.) iegūšanai sociālajās zinātnēs;9789984149950;Daugavpils;Daugavpils Universitāte;Pedagoģija
2023;Ozola, Diāna;Ceļojuma apraksta žanra tipoloģija 20.-21. gadsimtu mijas latviešu un amerikāņu literatūrā;promocijas darba kopsavilkums zinātnes doktora grāda zinātnes doktore (Ph. D.) humanitārajās un mākslas zinātnēs iegūšanai (valodniecības un literatūrzinātnes nozarē salīdzināmās literatūrzinātnes apakšnozarē);9789984149974;Daugavpils;Daugavpils Universitāte;Literatūrzinātne
2023;Jukšs, Valdis;Latvijas robežsargu profesionālās attīstības ilgtspējīga vadība;promocijas darba kopsavilkums zinātniskā doktora grāda zinātnes doktors (Ph. D.) sociālajās zinātnēs iegūšanai (apakšnozare: izglītības vadība);9789984149943;Daugavpils;Daugavpils Universitāte;Pedagoģija
2023;Ozols, Imants Frederiks;"Koloniālisma semiotika: koloniālā telpa, struktūra, zīmes un kolonizatora-kolonizējamā dihotomija Augusta Deglava triloģijā ""Rīga""";promocijas darba kopsavilkums zinātnes doktora (Ph. D.) grāda iegūšanai humanitārajās un mākslas zinātnēs valodniecības un literatūrzinātnes nozarē, literatūras teorijas apakšnozarē;;Daugavpils;Daugavpils Universitāte;Literatūrzinātne
2023;Štāls, Edgars;Ilgstošas sociālās aprūpes institūciju efektivitātes novērtēšana un apjoma prognozēšana Latvijas reģionos;promocijas darba kopsavilkums zinātniskā doktora grāda zinātnes doktors (Ph. D.) ekonomikā un uzņēmējdarbībā iegūšanai;;Rīga;BALTIJAS STARPTAUTISKĀ AKADĒMIJA;Ekonomika
2023;Baho-Santosa, Kristīna;Plazmas un urīna ekstracelulāro vezikulu RNS kā potenciālie biomarķieri prostatas vēža noteikšanai, riska stratifikācijai un uzraudzībai;promocijas darba kopsavilkums doktora grāda iegūšanai bioloģijas nozarē, molekulārā bioloģija;;Rīga;Latvijas Universitāte;Ekonomika
2024;Schlosser, Kristian Pultz;The impact of strategic leadership on creating shared value = Stratēģiskās vadības ietekme uz kopīgas vērtības radīšanu;summary of the doctoral thesis, discipline: economics and business;;Rīga;"Biznesa, mākslas un tehnoloģiju augstskola ""RISEBA""";Ekonomika
2024;Tirado, Jorge Suarez;Effects of Strategic Management Accounting to the Financial Performance of Low-cost Airlines = Stratēģiskās vadības grāmatvedības ietekme uz zemo izmaksu aviokompāniju finanšu rezultātiem;summary of the doctoral dissertation;;Rīga;"Biznesa, mākslas un tehnoloģiju augstskola ""RISEBA""";Ekonomika
2024;Brakovska, Aija;Daphnia cucullata Sars, 1862, vieta zooplanktona cenožu sastāvā, tās ģenētiskā daudzveidība Austrumlatvijas dziļajos ezeros;promocijas darba kopsavilkums zinātnes doktora grāda zinātnes doktors (Ph. D.) dabaszinātnēs iegūšanai;9789934390104;Daugavpils;Daugavpils Universitāte;Bioloģija
2024;Krams, Ronalds;Ekoloģisko slazdu ietekme uz putnu izdzīvošanu un vairošanos;promocijas darba kopsavilkums zinātniskā grāda (Ph. D.) dabaszinātnēs iegūšanai (bioloģijas nozarē, ekoloģijas apakšnozarē);9789934390173;Daugavpils;Daugavpils Universitāte;Bioloģija
2024;Rukmane-Bārbale, Anita;Ģints pachyrhynchus germar, 1824 (Coleoptera: Curculionidae: Pachyrhynchni) fauna, sistemātika un bioģeogrāfija orientālajā reģionā;promocijas darba kopsavilkums zinātnes doktora (Ph. D.) dabaszinātnēs grāda iegūšanai (bioloģijas nozares, zooloģijas apakšnozarē);9789984149769;Daugavpils;Daugavpils Universitāte;Bioloģija
2024;Vičaka, Inese;Ekokritika un ekofeminisms amerikāņu rakstnieka Kormaka Makārtija romānos;promocijas darba kopsavilkums zinātnes doktora grāda (Ph. D.) iegūšanai humanitārajās un mākslas zinātnēs (valodniecības un literatūrzinātnes nozarē, cittautu literatūras vēstures apakšnozarē);9789934390029;Daugavpils;Daugavpils Universitāte;Literatūrzinātne
2024;Ogorelova, Diāna;Bioloģisko tīklu dinamiskie modeļi;promocijas darba kopsavilkums zinātnes doktora grāda (Ph.D.) dabaszinātnēs iegūšanai (matemātikas nozarē, diferenciālvienādojumu apakšnozarē);9789934390197;Daugavpils;Daugavpils Universitāte;Matemātika
2024;Zālītis, Ivars;Robežsargu profesionālās sagatavošanas kvalitātes vadība;promocijas darba (tematiski vienota zinātnisko publikāciju kopa) kopsavilkums zinātniskā doktora grāda zinātnes doktors (Ph. D.) sociālajās zinātnēs iegūšanai (apakšnozare: izglītības vadība);9789934390111;Daugavpils;Daugavpils Universitāte;Vadībzinātnes
2024;Ābele, Lilita;Ilgtspējīga attīstība un digitalizācija: savstarpējā sinhronizācija pašvaldībās;promocijas darba kopsavilkums zinātniskā doktora grāda zinātnes doktore (Ph.D.) sociālās zinātnēs iegūšanai;;Jelgava;Latvijas Biozinātņu un tehnoloģiju universitāte;Ekonomika
2024;Šilovs, Mihails;Institucionālie risinājumi Latvijas zivju pārstrādes nozares attīstības atbloķēšanai;promocijas darba kopsavilkums zinātnes doktora grāda (Ph. D.) iegūšanai;;Jelgava;Latvijas Biozinātņu un tehnoloģiju universitāte;Ekonomika
2024;Aļeksējeva, Lāsma;Zaļais publiskais iepirkums kā bioloģiskās pārtikas sistēmas elements Latvijā;promocijas darba kopsavilkums zinātnes doktora grāda (Ph. D.) iegūšanai;;Jelgava;Latvijas Biozinātņu un tehnoloģiju universitāte;Lauksaimniecība
2024;Kočetkovs, Vjačeslavs;Iepakojuma ietekme uz dējējvistu olu produktu kvalitāti;promocijas darba kopsavilkums zinātnes doktora (Ph. D.) zinātnes grāda iegūšanai;;Jelgava;Latvijas Biozinātņu un tehnoloģiju universitāte;Lauksaimniecība
2024;Līcīte, Ieva;Klimata pārmaiņu samazināšana lauksaimniecības organiskās augsnes apsaimniekošanā Latvijā;promocijas darba kopsavilkums zinātnes doktora grāda zinātnes doktore (Ph. D.) sociālās zinātnēs iegūšanai;;Jelgava;Latvijas Biozinātņu un tehnoloģiju universitāte;Lauksaimniecība
2024;Misule, Madara;Augu maiņas produktivitāte atkarībā no ziemas kviešu īpatsvara tajā un augsnes apstrādes sistēmas;promocijas darba kopsavilkums zinātnes doktora grāda (Ph.D.) iegūšanai lauksaimniecības, meža un veterinārajās zinātnēs;;Jelgava;Latvijas Biozinātņu un tehnoloģiju universitāte;Lauksaimniecība
2024;Reidzāne, Sanita;Kailgraudu mieži ierauga fermentācijā;promocijas darba kopsavilkums zinātnes doktora grāda (Ph.D.) iegūšanai;;Jelgava;Latvijas Biozinātņu un tehnoloģiju universitāte;Lauksaimniecība
2024;Sargautis, Darius;Enzyme-Assisted Oat Protein Concentrate Development and Wet Extrusion;summary of the doctoral thesis for the doctoral degree of science (Ph.D.) in engineering sciences and technologies;;Jelgava;Latvijas Biozinātņu un tehnoloģiju universitāte;Lauksaimniecība
2024;Sokolova, Olga;Venturia inaequalis un Venturia pyrina populācijas daudzveidības raksturojums Latvijā;promocijas darba kopsavilkums zinātnes doktora grāda (Ph. D.) iegūšanai lauksaimniecības, meža un veterinārās zinātnēs;;Jelgava;Latvijas Biozinātņu un tehnoloģiju universitāte;Lauksaimniecība
2024;Mistre, Baiba;Sociālā aizsardzība ģimenēm ar bērniem;promocijas darba kopsavilkums zinātnes doktora grāda zinātnes doktore (Ph. D.) sociālās zinātnēs iegūšanai;;Jelgava;Latvijas Biozinātņu un tehnoloģiju universitāte;Socioloģija
2024;Lūsis, Ivars;Somatisko šūnu skaita dinamikas kompleksā izvērtēšana mastīta diagnostikā govju robotizētā slaukšanā un transferencei derīgu embriju ieguvē;promocijas darba kopsavilkums zinātnes doktora grāda (Ph. D.) iegūšanai veterinārmedicīnas zinātnē;;Jelgava;Latvijas Biozinātņu un tehnoloģiju universitāte;Veterinārmdecīna
2024;Ringa-Ošleja, Guna;Q drudža sastopamība slaucamo govju ganāmpulkos Latvijā un tā ietekme uz reprodukcijas rādītājiem;promocijas darba kopsavilkums zinātnes doktora grāda (Ph. D.) iegūšanai veterinārmedicīnas zinātnē;;Jelgava;Latvijas Biozinātņu un tehnoloģiju universitāte;Veterinārmdecīna
2024;Štelfa, Gundega;Pirmsklīnisko pētījumu eksperimentālie modeļi galvas traumu pētījumiem ar jaunām zāļu vielām;promocijas darba kopsavilkums zinātnes doktora grāda (Ph. D.) iegūšanai veterinārmedicīnas zinātnē;;Jelgava;Latvijas Biozinātņu un tehnoloģiju universitāte;Veterinārmdecīna
2024;Andersone, Anna;Smiltsērkšķu lignocelulozes biomasas bezatlikuma izmantošanas izpēte ilgtspējīgai multifunkcionālo produktu ražošanai;promocijas darba kopsavilkums zinātnes doktora grāda zinātnes doktore (Ph.D.) inženierzinātnēs un tehnoloģijās iegūšanai;;Jelgava;Latvijas Biozinātņu un tehnoloģiju universitāte;Vides zinātne
2024;Pilecka-Uļčugačeva, Jovita;Pilsētas gaisa piesārņojuma ar smagajiem metāliem telpiskās izplatības riska novērtējums;promocijas darba kopsavilkums zinātnes doktora grāda (Ph.D.) iegūšanai;;Jelgava;Latvijas Biozinātņu un tehnoloģiju universitāte;Vides zinātne
2024;Broka, Rita;Ainava gobelēnā. Rūdolfa Heimrāta skolas piemērizpēte (20. gs. otrā puse – 21. gs. sākuma);"promocijas darba kopsavilkums zinātnes doktora grāda (Ph.D) iegūšanai nozarē ""Mūzika, vizuālā māksla un arhitektūra"", apakšnozare: mākslas zinātne";9789934630170;Rīga;Latvijas Mākslas akadēmija;Māksla
2024;Pujāte, Inta;Fotogrāfija Latvijā 19. gadsimta beigās un 20. gadsimta sākumā;"promocijas darba kopsavilkums zinātnes doktora (Ph. D.) grāda iegūšanai nozarē ""Mūzika, vizuālā māksla un arhitektūra"", apakšnozare: vizuālo mākslu vēsture un teorija";9789934630194;Rīga;Latvijas Mākslas akadēmija;Māksla
2024;Ulme, Gundega;Emociju regulācija fiziskās rekreācijas aktivitātēs sievietēm pieaugušā vecumposmā;promocijas darba kopsavilkums zinātnes doktora (Ph. D.) grāda iegūšanai veselības un sporta zinātnes nozares sporta pedagoģijas apakšnozarē;9789934520723;Rīga;Latvijas Sporta pedagoģijas akadēmija;Pedagoģija
2024;Ogriņa, Anete;Molekulārie risinājumi uz augu vīrusveidīgām daļiņām bāzēto vakcīnu veidošanai;promocijas darba kopsavilkums zinātnes doktora grāda (PhD) dabaszinātnē iegūšanai bioloģijas nozarē, molekulārās bioloģijas apakšnozarē;;Rīga;Latvijas Universitāte;Bioloģija
2024;Žorža, Laura;Dažādas izcelsmes mikroorganismu bioplēves bagātināšanas un aktivitātes stimulēšanas iespējas;promocijas darba kopsavilkums zinātnes doktora grāda iegūšanai bioloģijā, apakšnozare: mikrobioloģija;;Rīga;Latvijas Universitāte;Bioloģija
2024;Rikačovs, Sergejs;Bāzes transformāciju valoda, tās realizācija un lietojumi;promocijas darba kopsavilkums zinātnes doktora grāda zinātnes doktors (Ph. D.) dabaszinātnēs iegūšanai datorzinātnes un informātikas nozarē, apakšnozare: programmēšanas valodas un sistēmas;;Rīga;Latvijas Universitāte;Datorzinātne
2024;Zemnickis, Jānis;Datu noliktavas izveides metodes lielo datu laikmetā;promocijas darba kopsavilkums zinātnes doktora grāda zinātnes doktors (Ph. D.) dabaszinātnēs iegūšanai datorzinātnes un informātikas nozarē, apakšnozare: programmēšanas valodas un sistēmas;;Rīga;Latvijas Universitāte;Datorzinātne
2024;Vecuma-Veco, Annija;Darba devēja zīmols un darba devēja tēls: ietekmējošie faktori paaudžu griezumā Baltijas valstīs;promocijas darba kopsavilkums zinātnes doktora grāda zinātnes doktors (Ph. D.) sociālajās zinātnēs iegūšanai;9789934362859;Rīga;Latvijas Universitāte;Ekonomika
2024;Leitlande, Gita;Mūsdienu stoicisms un pilsoniskās vērtības;promocijas darba kopsavilkums doktora grāda iegūšanai filozofijas, ētikas un reliģijas nozarē, apakšnozare: ētika;;Rīga;Latvijas Universitāte;Filozofija
2024;Ozola, Zane;Laikmetīgā kultūra kā antropoloģisks izaicinājums. Homo Aestheticus =;"Contemporary Culture As An Anthropological Challenge. Homo Aestheticus; promocijas darba kopsavilkums doktora grāda iegūšanai filozofijas, ētikas un reliģijas nozarē, apakšnozare: estētika un mākslas filozofija";9789934362767;Rīga;Latvijas Universitāte;Filozofija
2024;Aberfelds, Artis;6.7 GHz metanola māzeru pētījumi: novērojumu metodes, monitorings un avotu morfoloģija;promocijas darba kopsavilkums zinātnes doktora grāda iegūšanai dabaszinātnēs, nozare: fizika un astronomija, apakšnozare: astrofizika un fundamentālā astronom;9789934361920;Rīga;Latvijas Universitāte;Fizika
2024;Ābola, Anda;Dzīvsudrabu un arsēnu saturoši starojuma avoti un to izmantošana atomu absorbcijas spektroskopijai;promocijas darba kopsavilkums doktora grāda iegūšanai fizikas un astronomijas zinātnes nozarē, apakšnozare: lāzeru fizika un spektroskopija;9789934361340;Rīga;Latvijas Universitāte;Fizika
2024;Dzelme, Valters;Elektromagnētiski ierosinātas šķidra metāla plūsmas ar izteiktu brīvās virsmas dinamiku;promocijas darba kopsavilkums doktora grāda iegūšanai fizikas un astronomijas nozarē, apakšnozare: šķidrumu un gāzu mehānika;9789934361272;Rīga;Latvijas Universitāte;Fizika
2024;Jasulaņeca, Līga;Integrēti nanoelektromehāniski slēdži darbam istabas un kriogēnās temperatūrās;promocijas darba kopsavilkums doktora grāda (PhD) iegūšanai dabaszinātnēs fizikas un astronomijas nozarē, materiālu fizikas apakšnozarē;9789934362583;Rīga;Latvijas Universitāte;Fizika
2024;Kaprāns, Kaspars;Pārejas metālu oksīdu elektrodu materiālu pētījumi pielietojumiem litija jonu baterijās;promocijas darba kopsavilkums zinātnes doktora grāda (Ph. D.) iegūšanai dabaszinātnēs fizikas un astronomijas nozarē, apakšnozare: materiālu fizika;9789934361999;Rīga;Latvijas Universitāte;Fizika
2024;Laganovska, Katrīna;Defekti un optiskās īpašības nedopētā un retzemju dopētā HfO2/ZrO2;promocijas darba kopsavilkums doktora grāda iegūšanai dabaszinātnēs, nozare: fizika un astronomija, apakšnozare: materiālu fizika;9789934361432;Rīga;Latvijas Universitāte;Fizika
2024;Laņģe, Marta;Bezkontakta ādas novērtējuma un attēlošanas tehnoloģiju klīniskā validēšana;promocijas darba kopsavilkums doktora grāda iegūšanai fizikas un astronomijas nozarē, apakšnozare: medicīniskā fizika;9789934362460;Rīga;Latvijas Universitāte;Fizika
2024;Naderi, Mehrdad;Elektroencefalogrāfijas metodes pielietojums volumetriskās trīsdimensionālās vizuālās uztveres izpētei;promocijas darba kopsavilkums dabaszinātņu doktora grāda iegūšanai, apakšnozare: medicīnas fizika;9789934362668;Rīga;Latvijas Universitāte;Fizika
2024;Niherysh, Kiryl;Lādiņnesēju transports topoloģisko izolatoru hibrīdās ierīcēs;promocijas darba kopsavilkums doktora grāda iegūšanai fizikas nozarē, apakšnozare: materiālu fizika;9789934362521;Rīga;Latvijas Universitāte;Fizika
2024;Trukša, Renārs;Metode un modelis sarkani-zaļās anomālās trihromātijas izvērtēšanai;promocijas darba kopsavilkums doktora grāda iegūšanai fizikas nozarē, apakšnozare: medicīnskā fizika;9789934361579;Rīga;Latvijas Universitāte;Fizika
2024;Fedorenko, Deniss;Nanoplūsmas šķidruma hromatogrāfijas un masspektrometrijas metožu izstrāde un pielietošana ķīmisko piesārņotāju noteikšanai pārtikā un vidē;promocijas darba kopsavilkums zinātniskā doktora grāda, zinātnes doktora (Ph. D.) iegūšanai dabaszinātnēs, ķīmijas nozare, analītiskās ķīmijas apakšnozare;;Rīga;Latvijas Universitāte;Ķīmija
2024;Godiņa, Daniela;Latvijā augoša bērza (Betula Pendula) biomasas valorizācijas produktu raksturošana un procesu optimizācija;promocijas darba kopsavilkums zinātnes doktora grāda (Ph. D.) iegūšanai dabaszinātnēs, ķīmijas nozarē, analītiskās ķīmijas apakšnozarē;;Rīga;Latvijas Universitāte;Ķīmija
2024;Kalniņš, Toms;Diazonamīda A un tā strukturālo analogu sintēzes pētījumi;promocijas darba kopsavilkums zinātnes doktora grāda (PhD) iegūšanai dabaszinātnēs, ķīmijas nozare, organiskās ķīmijas apakšnozare;9789934363108;Rīga;Latvijas Universitāte;Ķīmija
2024;Lazarenko, Vitālijs;Bi2Se3 heterostruktūru anodu elektroķīmiskā izpēte litija un nātrija jonu baterijās;promocijas darba kopsavilkums zinātņu doktora (Ph.D.) grāda iegūšanai dabaszinātnēs (ķīmijas nozarē), apakšnozare: analītiskā ķīmija;;Rīga;Latvijas Universitāte;Ķīmija
2024;Mamis, Edgars;Skandija radionuklīdu ražošana un masas atdalīšana Cern-Medicis;promocijas darba kopsavilkums doktora grāda iegūšanai dabaszinātnēs (ķīmijas nozarē), fizikālās ķīmijas apakšnozarē;;Rīga;Latvijas Universitāte;Ķīmija
2024;Saršūns, Kristaps;Cieto šķīdumu veidošanās un fizikālķīmisko īpašību raksturojums pēc uzbūves līdzīgu organisko molekulu vairākkomponentu sistēmās;promocijas darba kopsavilkums zinātnes doktora (Ph.D.) zinātniskā grāda iegūšanai dabaszinātnēs (ķīmijas nozarē), apakšnozare: fizikālā ķīmija;;Rīga;Latvijas Universitāte;Ķīmija
2024;Semjonova, Aina;Organisku vielu polimorfisma kontrole, izmantojot kristalizācijas piedevas;promocijas darba kopsavilkums zinātnes doktora (Ph.D.) zinātniskā grāda iegūšanai dabaszinātnēs (ķīmijas nozarē), apakšnozare: fizikālā ķīmija;9789934362422;Rīga;Latvijas Universitāte;Ķīmija
2024;Upmanis, Toms;Hirālās atpazīšanas mehānismu pētījumi īso peptīdu hromatogrāfiskajai sadalei uz krauna ēteru stacionārajām fāzēm;promocijas darba kopsavilkums zinātnes doktora (Ph. D.) grāda iegūšanai dabaszinātnēs (ķīmijas nozarē), apakšnozare: analītiskā ķīmija;9789934362897;Rīga;Latvijas Universitāte;Ķīmija
2024;Vitkovska, Viktorija;Vienkāršoti diazonamīda A analogi kā pretvēža līdzekļi;promocijas darba kopsavilkums zinātnes doktora grāda (PhD) iegūšanai dabaszinātnēs, ķīmijas nozare, organiskās ķīmijas apakšnozare;9789934363153;Rīga;Latvijas Universitāte;Ķīmija
2024;Bodniece, Līva;Romiešu dzejas latviskojumi;promocijas darba kopsavilkums doktora grāda (Ph.D.) iegūšanai literatūrzinātnes nozarē, apakšnozare: salīdzināmā literatūrzinātne;9789934362187;Rīga;Latvijas Universitāte;Literatūrzinātne
2024;Miezīte, Ilona;Reliģiski filozofiskie motīvi Aspazijas un Friča Bārdas dzejā;promocijas darba kopsavilkums zinātnes doktora grāda (Ph.D.) iegūšanai humanitārajās un mākslas zinātnēs, zinātnes nozare - valodniecība un literatūrzinātne, apakšnozare - latviešu literatūras vēsture;9789934363207;Rīga;Latvijas Universitāte;Literatūrzinātne
2024;Pahirko, Leonora;Empīriskās ticamības funkcijas metode divu izlašu problēmām;promocijas darba kopsavilkums zinātnes doktora grāda (Ph. D.) iegūšanai dabaszinātnēs, nozare: matemātika, apakšnozare: varbūtību teorija un statistika;9789934361869;Rīga;Latvijas Universitāte;Matemātika
2024;Greitāns, Kārlis;Dabaszinātņu skolotāju profesionālā pilnveide prakses pārmaiņām;promocijas darba kopsavilkums zinātnes doktora grāda (Ph.D) sociālajās zinātnēs (izglītības zinātnēs) ieguvei;9789934362781;Rīga;Latvijas Universitāte;Pedagoģija
2024;Kaulēns, Oskars;Skolotāju profesionālās pilnveides sistēmas īstenošanas standarts skolā kā mācīšanās organizācijā;promocijas darba kopsavilkums doktora zinātniskā grāda iegūšanai sociālajās zinātnēs;9789934362286;Rīga;Latvijas Universitāte;Pedagoģija
2024;Lāma, Gatis;Vidusskolēnu caurviju prasmes matemātikas mācībās;promocijas darba kopsavilkums zinātnes doktora grāda (Ph.D.) sociālajās zinātnēs iegūšanai;9789934361630;Rīga;Latvijas Universitāte;Pedagoģija
2024;Vilnīte, Fiona Mērija;Mentālā vingrināšanās vijoļspēles prasmes pilnveidei pamatskolas pedagoģiskajā procesā = Mental Training in the Improvement of Violin Playing Skill in the Primary School Pedagogical Process;promocijas darba kopsavilkums doktora zinātniskā grāda (Ph. D.) iegūšanai izglītības zinātņu nozarē, apakšnozare: nozaru (mūzikas) pedagoģija;9789934361814;Rīga;Latvijas Universitāte;Pedagoģija
2024;Kelberga, Anna;Nemonogāmu indivīdu motivācija iesaistīties seksuālās attiecībās;promocijas darbs kā rakstu kopsavilkums doktora grāda iegūšanai psiholoģijas nozarē, apakšnozare: klīniskā psiholoģija;;Rīga;Latvijas Universitāte;Psiholoģija
2024;Andrejevs, Ņikita;Sekulārā garīguma izpausmes 21. gs. hiphopā Latvijā un Krievijā;promocijas darba kopsavilkums doktora grāda iegūšanai filozofijas, ētikas un reliģijas nozarē, apakšnozare: vispārīgā un salīdzināmā reliģijpētniecība;9789934362132;Rīga;Latvijas Universitāte;Teoloģija
2024;Mārtuža, Eva;Teopoētika latviešu tautasdziesmās un izvēlētos literāros darbos;promocijas darba kopsavilkums, iesniegts zinātņu doktora grāda iegūšanai humanitārajās un mākslas zinātnēs;9789934362231;Rīga;Latvijas Universitāte;Teoloģija
2024;Roscher, Bjarne Erik;Factors Influencing Top-IT-Managers Work Related Attitudes;summary of doctoral thesis submitted for the scientific doctor's degree (Ph. D.) in social sciences;9789934362620;Rīga;Latvijas Universitāte;Vadībzinātnes
2024;Valtiņš, Kārlis;Augstskolu virzītas sociālās inovācijas zināšanu trijstūrī;promocijas darba kopsavilkums zinātniskā doktora grāda zinātnes doktors (Ph.D.) sociālajās zinātnēs iegūšanai;9789934362835;Rīga;Latvijas Universitāte;Vadībzinātnes
2024;Vārpiņš, Kaspars;Jauniešu drošības izpratnes un drošumspējas sekmēšana E-studiju vidē;promocijas darba kopsavilkums zinātnes doktora grāda (PhD) iegūšanai sociālajās zinātnēs izglītības zinātņu nozarē, apakšnozare: vispārīgā pedagoģija;9789934608681;Liepāja;Liepājas Universitāte;Pedagoģija
2024;Černiševs, Oļegs;Galveno darbības rādītāju noteikšana finanšu iestādēm atbilstoši Eiropas Savienības reģionālajai dimensijai;"promocijas darba kopsavilkums zinātnes doktora grāda ""zinātnes doktors (Ph. D.)"" iegūšanai, nozaru grupa - sociālās zinātnes, nozare - ekonomika un uzņēmējdarbība, apakšnozare - reģionālā ekonomika";;Rīga;Rīgas Stradiņa universitāte;Ekonomika
2024;Eklsa, Ilze;Rietumu reklāmas dizaina principu un vizuālās struktūras analīze Persijas līča sadarbības padomes valstu reklāmās;"promocijas darba kopsavilkums zinātnes doktora grāda ""zinātnes doktors (Ph. D.)"" iegūšanai, nozaru grupa - sociālās zinātnes, nozare - plašsaziņas līdzekļi un komunikācija, apakšnozare - citas plašsaziņas līdzekļu un komunikācijas apakšnozare";;Rīga;Rīgas Stradiņa universitāte;Komunikācijas zinātne
2024;Balcere, Alise;Aktīnisko keratožu diagnostikas un ārstēšanas aspekti;"promocijas darba kopsavilkums zinātnes doktora grāda ""zinātnes doktors (Ph. D.)"" iegūšanai, nozaru grupa - medicīnas un veselības zinātnes, nozare - klīniskā medicīna, apakšnozare - dermatoloģija un veneroloģija";;Rīga;Rīgas Stradiņa universitāte;Medicīna
2024;Berga-Švītiņa, Egija;Ģenētisko faktoru, kas saistīti ar krūts vai olnīcu vēza risku, identificēšana BRCA1 patogēno variantu nesējās;"promocijas darba kopsavilkums zinātnes doktora grāda ""zinātnes doktors (Ph. D.)"" iegūšanai, nozaru grupa - medicīnas un veselības zinātnes, nozare - medicīnas bāzes zinātnes, tai skaitā farmācija, apakšnozare - medicīniskā ģenētika";;Rīga;Rīgas Stradiņa universitāte;Medicīna
2024;Bezborodovs, Ņikita;Emocionālo un uzvedības problēmu prevalence un ar to asociētie faktori Latvijas pusaudžu populācijā;"promocijas darba kopsavilkums zinātnes doktora grāda ""zinātnes doktors (Ph. D.)"" iegūšanai, nozaru grupa - medicīnas un veselības zinātnes, nozare - klīniskā medicīna, apakšnozare - psihiatrija";;Rīga;Rīgas Stradiņa universitāte;Medicīna
2024;Buile, Dace;Sejas šķeltnes skartu balstaudu morfoloģiskās pārmaiņas audu reģenerācijas gaitā;"promocijas darba kopsavilkums zinātnes doktora grāda ""zinātnes doktors (Ph. D.)"" iegūšanai, nozaru grupa - medicīnas un veselības zinātnes, nozare - medicīnas bāzes zinātnes, tai skaitā farmācija, apakšnozare - histoloģija un citoloģija";;Rīga;Rīgas Stradiņa universitāte;Medicīna
2024;Dambergs, Kristaps;Cilvēka iegūtas holesteatomas audu pārmaiņu ontoģenētiskais raksturojums;"promocijas darba kopsavilkums zinātnes doktora grāda ""zinātnes doktors (Ph.D.)"" iegūšanai, nozaru grupa - medicīnas un veselības  zinātnes, nozare - klīniskā medicīna, apakšnozare - otorinolaringoloģija";;Rīga;Rīgas Stradiņa universitāte;Medicīna
2024;Dzudzilo, Madara;Mutes leikoplakijas agrīnu malignitātes pazīmju noteikšana tās audos un siekalās;"promocijas darba kopsavilkums zinātnes doktora grāda ""zinātnes doktors (Ph.D.)"" iegūšanai, nozaru grupa - medicīnas un veselības  zinātnes, nozare - klīniskā medicīna, apakšnozare - stomatoloģija";;Rīga;Rīgas Stradiņa universitāte;Medicīna
2024;Liepiņš, Māris;Multirezistentās Acinetobacter baumannii nēsāšanas ilgums un tās ietekme uz infekciju kontroles pasākumiem un antibakteriālo līdzekļu lietošanu;"promocijas darba kopsavilkums zinātnes doktora grāda ""zinātnes doktors (Ph.D.)"" iegūšanai, nozaru grupa - medicīnas un veselības  zinātnes, nozare - veselības un sporta zinātnes, apakšnozare - infekcijas slimības";;Rīga;Rīgas Stradiņa universitāte;Medicīna
2024;Lifšics, Andrejs;Cilvēka papilomas vīrusa ietekme uz galvas un kakla vēzi: izplatības un prognostiskās nozīmes izpēte;"promocijas darba kopsavilkums zinātnes doktora grāda ""zinātnes doktors (Ph.D.)"" iegūšanai, nozaru grupa - medicīnas un veselības zinātnes, nozare - klīniskā medicīna, apakšnozare - otorinolaringoloģija";;Rīga;Rīgas Stradiņa universitāte;Medicīna
2024;Meidrops, Kristiāns;Klīniskā gaita, ārstēšanas rezultāti, celulārā un molekulārbioloģiskā atrade kardioķirurģiskiem pacientiem ar dažādu mikroorganismu ierosinātu infekciozo endokardītu;"promocijas darba kopsavilkums zinātnes doktora grāda ""zinātnes doktors (Ph. D.)"" iegūšanai, nozaru grupa - medicīnas un veselības zinātnes, nozare - klīniskā medicīna, apakšnozare - ķirurģija";;Rīga;Rīgas Stradiņa universitāte;Medicīna
2024;Ņesteroviča-Petrikova, Darja;Militāro apavu valkāšanas biomehāniskie aspekti un to saistība ar apakšējo ekstremitāšu pārslodzes traumām;"promocijas darba kopsavilkums zinātnes doktora grāda ""zinātnes doktors (Ph. D.)"" iegūšanai, nozaru grupa - medicīnas un veselības zinānes, nozare - medicīnas bāzes zinātnes, tai skaitā farmācija, apakšnozare - medicīniskā biomehānika";;Rīga;Rīgas Stradiņa universitāte;Medicīna
2024;Savicka, Oksana;Molekulāri epidemioloģiskais A hepatīta vīrusa raksturojums Latvijā;"promocijas darba kopsavilkums zinātnes doktora grāda ""zinātnes doktors (Ph. D.)"" iegūšanai, nozaru grupa - medicīnas un veselības zinātnes, nozare - veselības un sporta zinātnes, apakšnozare - infekcijas slimības";;Rīga;Rīgas Stradiņa universitāte;Medicīna
2024;Šitovs, Andrejs;Fluorhinolonu grupas pretmikrobu līdzeklis levofloksacīns veterinārmedicīnā un tā farmakokinētikas un farmakodinamikas pētījumi;"promocijas darba kopsavilkums zinātnes doktora grāda ""zinātnes doktors (Ph. D.)"" iegūšanai, nozaru grupa - medicīnas un veselības zinātnes, nozare - medicīnas bāzes zinātnes, tai skaitā farmācija, apakšnozare - farmakoloģija";;Rīga;Rīgas Stradiņa universitāte;Medicīna
2024;Veisa, Vija;Joda nodrošinājums grūtniecēm Latvijā;"promocijas darba kopsavilkums zinātnes doktora grāda ""zinātnes doktors (Ph. D.)"" iegūšanai, nozaru grupa - medicīnas un veselības zinātnes, nozare - klīniskā medicīna, apakšnozare - dzemdniecība un ginekoloģija";;Rīga;Rīgas Stradiņa universitāte;Medicīna
2024;Zelčāne, Elīna;Dzīvesspēka veidošanās un uzturēšana slimniekiem ar hroniskām muskuloskeletālām sāpēm;"promocijas darba kopsavilkums zinātnes doktora grāda ""zinātnes doktors (Ph.D.)"" iegūšanai, nozaru grupa - sociālās zinātnes, nozare - psiholoģija, apakšnozare - veselības psiholoģija";;Rīga;Rīgas Stradiņa universitāte;Psiholoģija
2024;Šāberte, Laura;Pacienta un ārsta tiesības paust savu reliģisko pārliecību ārstniecībā;"promocijas darba kopsavilkums zinātnes doktora grāda ""zinātnes doktors (Ph. D.)"" iegūšanai, nozaru grupa - sociālās zinātnes, nozare - tiesību zinātne, apakšnozare - civiltiesības";;Rīga;Rīgas Stradiņa universitāte;Tiesību zinātne
2024;Tarasova, Dace;Darba tiesisko attiecību izbeigšanās tiesiskais regulējums un tā problemātika Latvijas Republikā;"promocijas darba kopsavilkums zinātnes doktora grāda ""zinātnes doktors (Ph. D.)"" iegūšanai, nozaru grupa - sociālās zinānes, nozare - tiesību zinātne, apakšnozare - civiltiesības";;Rīga;Rīgas Stradiņa universitāte;Tiesību zinātne
2024;Zīle, Aelita;Latentu papillārlīniju rakstu pēdu uz miruša cilvēka epidermas izpētes kriminālistiskie aspekti;"promocijas darba kopsavilkums zinātnes doktora grāda ""zinātnes doktors (Ph. D.)"" iegūšanai, nozaru grupa - sociālās zinātnes, nozare - tiesību zinātne, apakšnozare - kriminālistika un operatīvās darbības teorija";;Rīga;Rīgas Stradiņa universitāte;Tiesību zinātne
2024;Kotļars, Aleksandrs;Lēmumu pieņemšanas metodoloģija stratēģisko trešo pušu loģistikas pakalpojumu sniedzēju izvēlei;promocijas darba kopsavilkums zinātnes doktora grāda zinātnes doktors (Ph.D.) iegūšanai, nozaru grupa - inženierzinātnes un tehnoloģijas, nozare - būvniecības un transporta inženierzinātnes, apakšnozare -  telemātika un loģistika;9789934622083;Rīga;Transporta un sakaru institūts;Inženierzinātne
2024;Sansyzbayeva, Zura;Starptautisku ilgtspējīgu transporta koridoru modelēšanas sistēma to attīstības sākumposmā;promocijas darba kopsavilkums zinātnes doktora grāda zinātnes doktors (Ph.D.) iegūšanai nozaru grupa - inženierzinātnes un tehnoloģijas, nozare - būvniecības un transporta inženierzinātnes, apakšnozare - telemātika un loģistika;9789934622076;Rīga;Transporta un sakaru institūts;Inženierzinātne
2024;Zaumane, Ieva;Uzņēmuma iekšējās komunikācijas funkcijas stratēģiska vadība;promocijas darba kopsavilkums ekonomikas zinātnes doktora (Ph. D.) ekonomikā un uzņēmējdarbībā iegūšanai;9789984633848;Valmiera;Vidzemes Augstskola;Ekonomika
2024;Aizstrauts, Artis;Heterogēnu un sadalītu imitācijas modeļu vienkāršotas komunikācijas īstenošana;promocijas darba kopsavilkums, tematiski vienota zinātnisko publikāciju kopa;9789984633909;Valmiera;Vidzemes Augstskola;Inženierzinātne
2024;Janševskis, Mārtiņš;Zināšanu izguve un ietvars no viedo sistēmu lietotāju reakcijas datiem;promocijas darba kopsavilkums inženierzinātņu un tehnoloģiju doktora (Ph.D) zinātniskā grāda iegūšanai elektrotehnikas, elektronikas, informācijas un komunikāciju tehnoloģiju apakšnozarē sistēmu analīze, modelēšana un projektēšana;9789984633947;Valmiera;Vidzemes Augstskola;Inženierzinātne
2025;Grasmane, Ina;Psihopedagoģiskās intervences garīgā intelekta attīstībai efektivitāte saistībā ar garīgo labklājību un laimes izjūtu sākumskolas vecumā: kontrolēts nerandomizēts pētījums;promocijas darba (tematiski vienota zinātnisko publikāciju kopa) kopsavilkums zinātniskā doktora grāda zinātnes doktors (Ph.D.) sociālajās zinātnēs iegūšanai (psiholoģijas nozarē, pedagoģiskās psiholoģijas apakšnozarē);9789934390401;Daugavpils;Daugavpils Universitāte;Psiholoģija
2025;Šerpa, Evita;Skata fiksācijas novērtēšana skolas vecuma bērniem;promocijas darba kopsavilkums doktora grāda iegūšanai dabaszinātnēs fizikas un astronomijas nozarē, apakšnozare: medicīniskā fizika;9789934363306;Rīga;Latvijas Universitāte;Fizika
2025;Baklāne, Anda;Metafora 20. gadsimta latviešu dzejas diahronijā: dabas parādību tropu kvantitatīvā un kvalitatīvā analīze konceptuālās metaforas teorijas kontekstā;promocijas darba kopsavilkums zinātnes doktora grāda (Ph. D.) iegūšanai humanitārajās un mākslas zinātnēs;9789934363436;Rīga;Latvijas Universitāte;Literatūrzinātne
2025;Bufasi, Ergi;Skolotāju profesionālā pilnveide skolēnu telpisko spēju attīstībai sākumskolas STEM izglītībā;promocijas darba kopsavilkums zinātnes doktora grāda (Ph. D.) iegūšanai sociālajās zinātnēs;9789934363481;Rīga;Latvijas Universitāte;Pedagoģija
2025;Turno, Francesco Maria;Inclusivenet: mobilitātes risinājumu personalizēšana neaizsargātiem ceļu satiksmes dalībniekiem;promocijas darba kopsavilkums zinātnes doktora grāda zinātnes doktors (Ph.D.) iegūšanai, nozaru grupa - inženierzinātnes un tehnoloģijas, nozare - būvniecības un transporta inženierzinātnes, apakšnozare - telemātika un loģistika;9789934622090;Rīga;Transporta un sakaru institūts;Inženierzinātne
2025;Knoks, Ainārs;Nanostrukturēta TiO2 pārklājuma fotokatalītisko īpašību uzlabošana piesārņotājvielu sadalīšanai;promocijas darba kopsavilkums doktora grāda iegūšanai fizikas un astronomijas nozarē, apakšanozare: materiālu fizika;9789934363504;Rīga;Latvijas Universitāte;Fizika
2025;Ēce, Kristīna;Pirmās misionāres no Kurzemes un Vidzemes – viņu devums sieviešu lomas izpratnē baznīcā un sabiedrībā laikā no 1896. līdz 1926. gadam;promocijas darba kopsavilkums zinātnes doktora grāda (Ph. D.) iegūšanai humanitārajās un mākslas zinātnēs, filozofijas, ētikas un reliģijas nozarē, apakšnozare: latvijas baznīcas vēsture;9789934363542;Rīga;Latvijas Universitāte;Filozofija
2025;Ļaksa-Timinska, Ilze;Naratīvi latviešu prozā PSRS 20. gadsimta 20.–30. gados = Narratives in Latvian Prose in the Ussr in the 1920s–1930s;promocijas darba kopsavilkums zinātnes doktora grāda (Ph. D.) iegūšanai, zinātnes nozare - valodniecība un literatūrzinātne, apakšnozare - latviešu literatūras vēsture;9789934363566;Rīga;Latvijas Universitāte;Literatūrzinātne
2025;Rimšēvičs, Ilmārs;Fiskālo resursu izmantošanas apjoms Covid-19 krīzes laikā IKP krituma mazināšanā un ekonomiskās atveseļošanās veicināšanā ierobežoto fiskālo resursu apstākļos;promocijas darba kopsavilkums zinātnes doktora grāda (Ph.D.) iegūšanai sociālajās zinātnēs;9789934363603;Rīga;Latvijas Universitāte;Ekonomika
2025;Ginzburg, Tatiana;Effectiveness of Different Course Modalities for Teaching English to Adults;summary of doctoral thesis submitted for the degree of doctor of science (PhD) in social sciences subfield of education sciences, adult education;9789934363634;Rīga;Latvijas Universitāte;Pedagoģija
2025;Arslan, Halil;Itrija oksihidrīda fotohromā efekta mehānisms un itrija oksīda plāno kārtiņu augšanas kinētika;promocijas darba kopsavilkums doktora grāda iegūšanai fizikas un astronomijas nozarē, apakšnozare: cietvielu fizika;9789934363658;Rīga;Latvijas Universitāte;Fizika
2025;Ivanovs, Maksims;Dziļās mašīnmācīšanās pielietojumi lietišķajā datorredzē: attēlu izpratnes uzdevumu risināšana ar konvolūciju neironu tīkliem;promocijas darba kopsavilkums doktora grāda (Ph.D.) iegūšanai datorzinātnes nozarē, apakšnozare: mākslīgais intelekts;9789934363726;Rīga;Latvijas Universitāte;Datorzinātne
2025;Kadiwala, Kevon;Pārejas metālu dikalkogenīdu jaunu sintēzes metožu izpēte un to īpašību analīze;promocijas darba kopsavilkums iesniegts fizikas doktora grāda iegūšanai materiālu fizikas apakšnozare;;Rīga;Latvijas Universitāte;Fizika
2025;Popovs, Sergejs;Neprognozējamība kā upura adaptīvās uzvedības pazīme: augļu mušu (Drosophila melanogaster) piemērs;promocijas darba kopsavilkums zinātniskā doktora grāda (Ph.D.) dabaszinātnēs iegūšanai (bioloģijas nozarē, ekoloģijas apakšnozarē);9789934390319;Daugavpils;Daugavpils Universitāte;Bioloģija
2025;Iesalniece, Sandija;Audiogrāmata vācvalodīgās kultūras telpā mutvārdu un audio mediju tradīcijā;promocijas darba kopsavilkums zinātnes doktora grāda (Ph. D.) iegūšanai humanitārajās un mākslas zinātnēs;9789934363764;Rīga;Latvijas Universitāte;Literatūrzinātne
2025;Krēmere, Insa;Stingro Rikarta gredzenu sakārtojumi un struktūra;promocijas darba kopsavilkums doktora grāda (Ph. D.) iegūšanai matemātikas nozarē, apakšnozare: algebra un matemātiskā loģika;9789934363818;Rīga;Latvijas Universitāte;Matemātika
2025;Vesjolijs, Aleksejs;Lēmumu pieņemšanas ietvars hipercilpas tehnoloģijas projekta īstenošanai;promocijas darba kopsavilkums zinātnes doktora grāda zinātnes doktors (Ph.D.) iegūšanai, nozaru grupa - inženierzinātnes un tehnoloģijas, nozare - būvniecības un transporta inženierzinātnes, apakšnozare - telemātika un loģistika;9789934622106;Rīga;Transporta un sakaru institūts;Inženierzinātne
2025;Skorobogatova, Oksana;Darba tirgus pārveidošana ekonomikas digitālās transformācijas kontekstā;promocijas darba kopsavilkums zinātnes doktora grāda zinātnes doktors (Ph.D.) iegūšanai, nozaru grupa - sociālās zinātnes, zinātnes nozare - ekonomika un uzņēmējdarbība;9789934622113;Rīga;Transporta un sakaru institūts;Ekonomika
2025;Valaine, Laura;Depresijas un ģeneralizētas trauksmes simptomu biežums, tā izmaiņas un saistītie faktori medicīnas personāla populācijā Covid-19 pandēmijas laikā Latvijā;"promocijas darba kopsavilkums zinātnes doktora grāda ""zinātnes doktors (Ph. D.)"" iegūšanai, nozaru grupa - medicīnas un veselības zinātnes, nozare - klīniskā medicīna, apakšnozare - citas klīniskās medicīnas apakšnozares (psihoterapija)";;Rīga;Rīgas Stradiņa universitāte;Medicīna
2025;Jurjāns, Kristaps;Kardioemboliska insulta funkcionālais iznākums un mirstība atkarībā no antitrombotiskās terapijas, klīniskiem un demogrāfiskiem datiem;"promocijas darba kopsavilkums zinātnes doktora grāda ""zinātnes doktors (Ph.D.)"" iegūšanai, nozaru grupa - medicīnas un veselības zinātnes, nozare - klīniskā medicīna, apakšnozare - neiroloģija";;Rīga;Rīgas Stradiņa universitāte;Medicīna
2025;Ulanova (Igumnova), Viktorija;Prettuberkulozes terapijas farmakoģenētiskie aspekti Latvijas populācijā;"promocijas darba kopsavilkums zinātnes doktora grāda ""zinātnes doktors (Ph. D.)"" iegūšanai, nozaru grupa - medicīnas un veselības zinātnes, nozare - medicīnas bāzes zinātnes, tai skaitā farmācija, apakšnozare - klīniskā farmācija";;Rīga;Rīgas Stradiņa universitāte;Medicīna
2025;Teterovska (Šukele), Renāte;Polifenolus saturošu augu ekstraktu antioksidatīvā un antibakteriālā iedarbība pret govs mastīta izraisītājiem;"promocijas darba kopsavilkums zinātnes doktora grāda ""zinātnes doktors (Ph. D.)"" iegūšanai, nozaru grupa - medicīnas un veselības zinātnes, nozare - medicīnas bāzes zinātnes, tai skaitā farmācija, apakšnozare - farmakognozija";;Rīga;Rīgas Stradiņa universitāte;Medicīna
2025;Miļuna-Meldere, Sintija;Bezdūmu tabakas, nikotīna spilventiņu un elektronisko cigarešu ietekme uz mutes dobuma veselību;"promocijas darba kopsavilkums zinātnes doktora grāda ""zinātnes doktors (Ph. D.)"" iegūšanai, nozaru grupa - medicīnas un veselības zinātnes, nozare - klīniskā medicīna, apakšnozare - stomatoloģija";;Rīga;Rīgas Stradiņa universitāte;Medicīna
2025;Rumba, Roberts;Endovaskulāra transvenoza femoropopliteāla šuntēšana un tās efektivitāte salīdzinājumā ar vaļēju šuntēšanu gara segmenta virspusējās ciskas artērijas oklūzijas ārstēšanā;"promocijas darba kopsavilkums zinātnes doktora grāda ""zinātnes doktors (Ph. D.)"" iegūšanai, nozaru grupa - medicīnas un veselības zinātnes, nozare - klīniskā medicīna, apakšnozare - ķirurģija";;Rīga;Rīgas Stradiņa universitāte;Medicīna
2025;Stepanovs, Jevgeņijs;Tromboelastometrija mikrovaskulāro lēveru kājiņas trombozes riska novērtēšanā traumu pacientiem, kuriem tiek veikta ķirurģiska rekonstrukcija;"promocijas darba kopsavilkums zinātnes doktora grāda ""zinātnes doktors (Ph. D.)"" iegūšanai, nozaru grupa - medicīnas un veselības zinātnes, nozare - klīniskā medicīna, apakšnozare - anestezioloģija un intensīvā terapija";;Rīga;Rīgas Stradiņa universitāte;Medicīna
2025;Andersone, Līga;ES stratēģiju un atbalsta programmu nozīme ekonomikas un uzņēmējdarbības vides uzlabošanā Centrālāzijā;"promocijas darba kopsavilkums zinātnes doktora grāda ""zinātnes doktors (Ph. D.)"" iegūšanai, nozaru grupa - sociālās zinātnes, nozare - ekonomika un uzņēmējdarbība, apakšnozare - reģionālā ekonomika";;Rīga;Rīgas Stradiņa universitāte;Ekonomika
2025;Akmentiņš, Austris;Seklas satveršanas modelēšana maināmas barjeras kvantu punktos;promocijas darba kopsavilkums doktora grāda (Ph.D.) iegūšanai fizikas un astronomijas nozarē, apakšnozare: cietvielu fizika;9789934363887;Rīga;Latvijas Universitāte;Fizika
2025;Barone, Marta;Latvijas ūdens ekosistēmu mikroplastmasas piesārņojuma raksturojums;promocijas darba kopsavilkums zinātniskā doktora grāda (PhD.) dabaszinātnēs iegūšanai (bioloģijas nozarē, ekoloģijas apakšnozarē);9789934390364;Daugavpils;Daugavpils Universitāte;Bioloģija
2025;Miheloviča, Olga;Ebreju nacionālā kustība Latvijas PSR (1944-1989);promocijas darba kopsavilkums doktora grāda iegūšanai vēstures un arheoloģijas nozarē, apakšnozare: Latvijas vēsture;9789934933509;Rīga;Latvijas Universitāte;Vēsture
2025;Dreimane, Santa;Spēliskošanas pedagoģiskais modelis mācību motivācijas attīstībai;promocijas darba kopsavilkums zinātniskā doktora grāda (Ph.D.) iegūšanai izglītības zinātnēs vispārīgās pedagoģijas apakšnozarē;9789934363948;Rīga;Latvijas Universitāte;Pedagoģija
2025;Dolle, Nicolas;Vidējā līmeņa vadības spēcināšana vidēja lieluma organizācijās virzībā uz digitālo transformāciju un mākslīgā intelekta integrāciju = Empowering Middle Management in Mid-Sized Organizations Towards Digital Transformation and Artificial Intelligence Integration;promocijas darba kopsavilkums zinātnes doktora grāda zinātnes doktors (Ph. D.) iegūšanai, nozaru grupa - sociālās zinātnes, zinātnes nozare - ekonomika un uzņēmējdarbība;9789934622120;Rīga;Transporta un sakaru institūts;Ekonomika
2025;Sjomina-Gubareva, Olga;Virzība uz drošākām un efektīvākām helicobacter pylori infekcijas izskaušanas shēmām;promocijas darba kopsavilkums - publikāciju kopa zinātnes doktora grāda (Ph. D.) iegūšanai medicīnas un veselības zinātņu nozaru grupā, klīniskās medicīnas nozarē internās medicīnas apakšnozarē;9789934363962;Rīga;Latvijas Universitāte;Medicīna
2025;Zupa, Uldis;Nacionālās stratēģiskās komunikācijas loma visaptverošas valsts aizsardzības sistēmā Latvijā;promocijas darba kopsavilkums studiju programmā komunikācijas vadība, izstrādāts zinātniskā doktora grāda iegūšanai komunikācijas zinātnes nozarē, komunikācijas zinātnes apakšnozarē;;Rīga;Biznesa augstskola Turība;Komunikācijas zinātne
2025;Šperliņa, Annemarī;Ietekmētāju mārketinga komunikācija sociālajos medijos kā patērētāju uzvedības un zīmola uztveres ietekmes faktors;promocijas darba kopsavilkums doktora studiju programmā komunikācijas vadība, izstrādāts zinātniskā doktora grāda iegūšanai komunikācijas zinātnes nozarē;;Rīga;Biznesa augstskola Turība;Komunikācijas zinātne
2025;Rizhamadze, Ketevan;Izaugsmes veicināšana ar inovāciju: inovāciju vadības modelis maziem un vidējiem uzņēmumiem;promocijas darba kopsavilkums studiju programmā uzņēmējdarbības vadība, izstrādāts zinātniskā doktora grāda iegūšanai ekonomika un uzņēmējdarbības zinātnes nozarē, uzņēmējdarbības vadības apakšnozarē;;Rīga;Biznesa augstskola Turība;Vadībzinātnes
2025;Čipa, Jānis;Integrēta mikrofluidikas ierīce ātrai prostatas vēža vezikulu maisīšanai un magnētiskajai atdalīšanai;promocijas darba kopsavilkums iesniegts inženierzinātņu un tehnoloģiju doktora grāda iegūšanai materiālzinātnes nozares materiālfizikas apakšnozarē;9789934364037;Rīga;Latvijas Universitāte;Inženierzinātne
2025;Indrika, Renāte;Valsts atbalsta efektivitātes novērtēšanas modelis mazajiem uzņēmumiem Latvijas Republikā;promocijas darba kopsavilkums zinātnes doktora grāda zinātnes doktors (Ph.D.) iegūšanai, nozaru grupa - sociālās zinātnes, zinātnes nozare - ekonomika un uzņēmējdarbība;9789934622137;Rīga;Transporta un sakaru institūts;Ekonomika
2025;Sadovska (Aļeiņikova), Darja;Mycobacterium tuberculosis pilna genoma sekvencēšanas lietojums epidemioloģiski un klīniski nozīmīgu jautājumu risinājumiem un tuberkulozes kontroles stratēģiju uzlabošanai;"promocijas darba kopsavilkums zinātnes doktora grāda ""zinātnes doktors (Ph. D.)"" iegūšanai, nozaru grupa - medicīnas un veselības zinātnes, nozare - medicīnas bāzes zinātnes, tai skaitā farmācija, apakšnozare - klīniskā farmācija";;Rīga;Rīgas Stradiņa universitāte;Medicīna
2025;Joksts, Jānis;Reiderisma fenomena transformēšanās, tā funkcionalitātes un tiesiskā regulējuma problemātika Latvijā;"promocijas darba kopsavilkums zinātnes doktora grāda ""zinātnes doktors (Ph. D.)"" iegūšanai, nozaru grupa - sociālā zinātne, nozare - tiesību zinātne, apakšnozare - civiltiesības";;Rīga;Rīgas Stradiņa universitāte;Tiesību zinātne
2025;Vanaga, Ieva;Aknu bojājums SARS-CoV-2 infekcijas kontekstos: fakti, iemesli un sekas;"promocijas darba kopsavilkums zinātnes doktora grāda ""zinātnes doktors (Ph. D.)"" iegūšanai, nozaru grupa - medicīnas un veselības zinātnes, nozare - klīniskā medicīna, apakšnozare - internā medicīna, hepatoloģija";;Rīga;Rīgas Stradiņa universitāte;Medicīna
2025;Melkus, Gatis;Uz grafiem balstītas metodes biomolekulāro datu modelēšanai;promocijas darba kopsavilkums iesniegts inženierzinātņu un tehnoloģiju doktora grāda iegūšanai, nozare: datorzinātne un informātika, apakšnozare: bioinformātika;9789934364204;Rīga;Latvijas Universitāte;Datorzinātne
2025;Darģis, Roberts;Infrastruktūra latviešu valodas korpusu izstrādei un lietojumiem;promocijas darba kopsavilkums zinātniskā doktora grāda (Ph.D.) iegūšanai, zinātnes nozare - datorzinātne un informātika, apakšnozare - datoru un sistēmu programmatūra;9789934364242;Rīga;Latvijas Universitāte;Datorzinātne
2025;Pasečnaja, Elīna;Augstas izšķirtspējas masspektrometrija noturīgo organisko piesārņotāju analīzē: analītisko metožu izstrāde, paraugu analīze, iedarbība uz cilvēku un riska novērtējums;promocijas darba kopsavilkums zinātnes doktora grāda iegušanai dabaszinātnēs;;Rīga;Latvijas Universitāte;Ķīmija
2025;Ļeonova, Viktorija;Mašīnmācīšanās metožu izmantošana runātāja frustrācijas līmeņa noteikšanai sociālo mediju tekstos latviešu valodā;promocijas darba kopsavilkums zinātniskā doktora grāda (Ph.D.) iegūšanai dabaszinātņu nozarē datorzinātnē, apakšnozare: imtelektuālo sistēmu teorija;9789934364327;Rīga;Latvijas Universitāte;Datorzinātne
2025;Berga, Renāte;Rīgas akadēmiskās ģimnāzijas (1631–1710) disertācijas: latīņu teksts un parateksts = Riga Academic Gymnasium Dissertations (1631–1710): Latin Text and Paratext;promocijas darba kopsavilkums zinātniskā doktora grāda (Ph.D) iegūšanai valodniecības un literatūrzinātnes nozarē, apakšnozare: cittautu literatūras vēsture;9789934364365;Rīga;Latvijas Universitāte;Literatūrzinātne
2025;Sventitskaya, Elena;Mazās uzņēmējdarbības ietekme uz  iedzīvotāju nodarbinātības problēmu risināšanu Latvijā;promocijas darba kopsavilkums zinātnes doktora grāda zinātnes doktors (Ph.D.) iegūšanai, nozaru grupa - sociālās zinātnes, zinātnes nozare - ekonomika un uzņēmējdarbība;9789934622151;Rīga;Transporta un sakaru institūts;Ekonomika
2025;Trimdale-Deksne, Aija;Izvēlētu farmaceitiski aktīvo vielu un modeļvielu kristālisko formu daudzveidību noteicošie faktori;promocijas darba kopsavilkums zinātnes doktora (Ph. D.) zinātniskā grāda iegūšanai dabaszinātnēs ķīmijas nozarē un fizikālās ķīmijas apakšnozarē;9789934624179;Rīga;Latvijas Universitāte;Ķīmija
2025;Perekrestov, Vladimir;Aviācijas tehniskais atbalsts kā pakalpojums: digitālās platformas modeļa izstrāde uzņēmējdarbības transformācijai lidaparātu apkalpošanā = Aviation Technical Support as a Service: a Digital Platform Model for Business Transformation in Aircraft Maintenance;promocijas darba kopsavilkums zinātņu doktora grāda (Ph.D.) iegūšanai, nozaru grupa - sociālās zinātnes, zinātnes nozare - ekonomika un uzņēmējdarbība;9789934622168;Rīga;Transporta un sakaru institūts;Ekonomika
2025;Prūsis, Krišjānis;Vaicājumu sarežģītība un kvantu algoritmi;promocijas darba kopsavilkums doktora grāda iegūšanai datorzinātnes nozarē, apakšnozare: datorzinātnes matemātiskie pamati;9789934364402;Rīga;Latvijas Universitāte;Datorzinātne
2025;Dombrovskis, Valērijs;Digitālo iezemiešu digitālā identitāte;"promocijas darba kopsavilkums zinātnes doktora grāda ""zinātnes doktors (Ph.D.)"" iegūšanai, nozaru grupa - sociālās zinātnes, nozare - psiholoģija, apakšnozare - sociālā psiholoģija";9789934390425;Daugavpils;Daugavpils Universitāte;Psiholoģija
2025;Balcare, Kitija;Skatuves māksla ekokritikas diskursā: ekoteātris Latvijā 21. gadsimtā;promocijas darba kopsavilkums zinātniskā doktora grāda (Ph.D) iegūšanai humanitārajās un mākslas zinātnēs, mākslas zinātņu nozarē, apakšnozare: teātra un kino vēsture un teorija;9789934364440;Rīga;Latvijas Universitāte;Māksla
2025;Būmanis, Nikolajs;Vairāku avotu datu apvienošana un analīze interaktīvai apstrādei un vizualizācijai;promocijas darba kopsavilkums zinātnes doktora grāda (Ph.D.) iegūšanai;;Jelgava;Latvijas Biozinātņu un tehnoloģiju universitāte;Inženierzinātne
2025;Vucāne, Sanita;Viedtālruņa attēlu analīzes un kolorimetrisko metožu integrācija augu eļļu novērtēšanā;promocijas darba kopsavilkums zinātnes doktora grāda (Ph.D.) iegūšanai;;Jelgava;Latvijas Biozinātņu un tehnoloģiju universitāte;Inženierzinātne
2025;Kundziņa, Laila;Ziedojumu piesaistes tendences valsts dibinātajās augstskolās Latvijā;promocijas darba kopsavilkums zinātnes doktora grāda zinātnes doktors (Ph.D.) sociālajās zinātnēs iegūšanai;;Jelgava;Latvijas Biozinātņu un tehnoloģiju universitāte;Ekonomika
2025;Sivicka, Irina;Raudenes (Origanum vulgare L.) ģenētisko resursu izvērtējums Latvijā;promocijas darba kopsavilkums zinātnes doktora grāda (Ph.D.) iegūšanai lauksaimniecības, meža un veterinārajās zinātnēs;;Jelgava;Latvijas Biozinātņu un tehnoloģiju universitāte;Lauksaimniecība
2025;Pērle-Sīle, Ginta;Frīdriha Daniela Vāra (Wahr, 1749–1827) dzīve un darbība kultūrvēsturiskos kontekstos = Life and Work of Friedrich Daniel Wahr (1749–1827) in the Contexts of Cultural History;promocijas darba kopsavilkums zinātniskā doktora grāda (Ph.D.) iegūšanai, zinātnes nozare: folkloristika, apakšnozare: latviešu folkloristikas vēsture;9789934364471;Rīga;Latvijas Universitātes Akadēmiskais apgāds;Literatūrzinātne
2025;Shinde, Bhagyashri Dada;Viskozu virpuļu ansambļa īpašību izpēte;promocijas darba kopsavilkums doktora grāda iegūšanai fizikas un astronomijas nozarē, apakšnozare: šķidrumu un gāzu mehānikas apakšnozarē;9789934364495;Rīga;Latvijas Universitāte;Fizika
2025;Jonīte, Dita;Horeogrāfija teātrī: pieredze Latvijā postdramatiskās skatuves mākslas kontekstā;"promocijas darba kopsavilkums zinātnes doktora grāda ""zinātnes doktors (Ph. D)"" humanitārajās un mākslas zinātnēs iegūšanai";9789934647048;Rīga;Latvijas Kultūras akadēmija;Māksla
2025;Ohanjelu, Čārlzs Nnamdi;Izglītības vadības prakse universitātes izglītības kvalitātes uzlabošanai jaunattīstības valstīs: Nigērijas gadījums;promocijas darba kopsavilkums studiju programmā vadībzinātne zinātniskā grāda (PhD) iegūšanai sociālajās zinātnēs, ekonomikas un uzņēmējdarbības zinātnes nozarē, izglītības vadības apakšnozarē;;Rīga;Biznesa augstskola Turība;Vadībzinātnes
2025;Ohanyelu, Charles Nnamdi;Educational Management Practices for Improving Quality of University Education in Developing Coutries: a Case of Nigeria;synopsis of the doctoral thesis for the degree of doctor of sciences (PhD) in social sciences, economics and enterpreneurship, sub-field of education management;;Rīga;Biznesa augstskola Turība;Vadībzinātnes
2025;Šakena, Dace;Reorganizācijas biznesa vadības modelis vidējo un lielo nekustamo īpašumu pārvaldīšanas uzņēmumu Latvijā konkurētspējas paaugstināšanai;promocijas darba kopsavilkums izstrādāts zinātņu doktora grāda iegūšanai sociālajās zinātnēs;;Rīga;Biznesa augstskola Turība;Ekonomika
2025;Vīksne, Rūdolfs Jānis;Pirmreizēju un atkārtotu deguna polipu morfopatoģenēzes endotipi;"promocijas darba kopsavilkums zinātnes doktora grāda ""zinātnes doktors (Ph. D.)"" iegūšanai, nozaru grupa - medicīnas un veselības zinātnes, nozare - klīniskā medicīna, apakšnozare - otorinolaringoloģija";;Rīga;Rīgas Stradiņa universitāte;Medicīna
2025;Gavrilova, Anna;Tiešo perorālo antikoagulantu terapijas drošuma aspektu novērtējums pacientiem ar ātriju fibrilāciju;"promocijas darba kopsavilkums zinātnes doktora grāda ""zinātnes doktors (Ph. D.)"" iegūšanai, nozaru grupa - medicīnas un veselības zinātnes, nozare - medicīnas bāzes zinātnes, tai skaitā farmācija, apakšnozare - klīniskā farmācija";;Rīga;Rīgas Stradiņa universitāte;Medicīna
2025;Vaivode, Ieva;Selēna statuss, psiholoģiskais stress un imūnregulatoro gēnu polimorfismi autoimūno vairogdziedzera slimību personalizētā izpratnē;"promocijas darba kopsavilkums zinātnes doktora grāda ""zinātnes doktors (Ph. D.)"" iegūšanai, nozaru grupa - medicīnas un veselības zinātnes, nozare - klīniskā medicīna, apakšnozare - internā medicīna";;Rīga;Rīgas Stradiņa universitāte;Medicīna
2025;Siliņa, Evija;Trauksme un depresija un ar to saistītie faktori bērniem ar 1. tipa cukura diabētu un viņu vecākiem Latvijā;"promocijas darba kopsavilkums zinātnes doktora grāda ""zinātnes doktors (Ph. D.)"" iegūšanai, nozaru grupa - medicīnas un veselības zinātnes, nozare - klīniskā medicīna, apakšnozare - psihiatrija";;Rīga;Rīgas Stradiņa universitāte;Medicīna
2025;Gavars, Didzis;Paaugstināta un ievērojami paaugstināta B12 vitamīna līmeņa diagnostiskā vērtība;"promocijas darba kopsavilkums zinātnes doktora grāda ""zinātnes doktors (Ph.D.)"" iegūšanai, nozaru grupa - medicīnas un veselības zinātnes, nozare - klīniskā medicīna, apakšnozare - citas klīniskās medicīnas apakšnozares (laboratorijas medicīna)";;Rīga;Rīgas Stradiņa universitāte;Medicīna
2025;Casno, Kristīne;Latvijas sociālās uzņēmējdarbības veiktspēju ietekmējošo faktoru novērtējums = Evaluation of Factors Affecting the Performance of the Social Entrepreneurship Field in Latvia;promocijas darba kopsavilkums doktora grāda (Ph.D.) iegūšanai sociālajās zinātnēs;9789934556821;Rīga;Latvijas Universitāte;Socioloģija
2025;Luca, Jeļena;Ģimenes uzņēmumu pēctecības plānošanu un ilgmūžību noteicošie faktori Latvijā = Factors Determining Sucession Planning and Longevity of Family Business in Latvia;promocijas darba kopsavilkums zinātnes doktora grāda zinātnes doktors (Ph.D.) sociālajās zinātnēs iegūšanai;9789934556838;Rīga;Latvijas Universitāte;Socioloģija
2025;Romaņuks, Viktors;Rekombinanto zirnekļa zīda proteīnu ķīmiskā modifikācija;promocijas darba kopsavilkums zinātniskā doktora grāda (Ph.D.) iegūšanai dabaszinātnēs ķīmijas nozarē, apakšnozare: organiskā ķīmija;9789934364631;Rīga;Latvijas Universitātes Akadēmiskais apgāds;Ķīmija
2025;Dzikas, Darius;Policijas atbildība un pilsoņu tiesības karadarbības apstākļos: salīdzinošā analīze Latvijā, Lietuvā un Ukrainā;promocijas darba kopsavilkums sociālās zinātnes doktora (Ph.D.) zinātniskā grāda iegūšanai, specialitāte - juridiskās zinātnes, apakšnozare - policijas tiesības;9789934390456;Daugavpils;Daugavpils Universitāte;Juridiskās zinātnes
2025;Geidelina-Lugovska, Marija;Saikne starp identifikāciju ar organizāciju, darbaholismu un darbinieku izdegšanu kompleksā vadības procesu sistēmā = Relation Between Organizational Identification, Workaholism and Employee Burnout in a Complex System of Management Processes;promocijas darba kopsavilkums zinātnes doktora grāda zinātnes diktors (Ph.D.) sociālajās zinātnēs iegūšanai;9789934556845;Rīga;Latvijas Universitāte;Socioloģija
2025;Melgalve, Ieva;Atmiņas nesēji. Procesa un materialitātes inovācijas fotogrāfijas izmantošanā Latvijas laikmetīgajā mākslā;promocijas darba kopsavilkums zinātnes doktora (Ph.D.) grāda iegūšanai nozarē: mūzika, vizuālā māksla un arhitektūra, apakšnozare: mākslas teorija;9789934630385;Rīga;Latvijas Mākslas akadēmija;Māksla
2025;Veilande-Apine, Elīna;Tekstilmāksla Latvijā: 20. gadsimta deviņdesmitie gadi (priekšvēsture, ietekmes, tehnikas);"promocijas darba kopsavilkums zinātnes doktora (Ph.D.) grāda iegūšanai nozarē: ""Mūzika, vizuālā māksla un arhitektūra"", apakšnozare: vizuālo mākslu vēsture un teorija";9789934630422;Rīga;Latvijas Mākslas akadēmija;Māksla
2025;Jurcēna, Laila;Tiesnešu neatkarības saturs;promocijas darba kopsavilkums studiju programmā tiesību zinātne;;Rīga;Biznesa augstskola Turība;Tiesību zinātne
2025;Streļčenoks, Jaroslavs;Mākslīgā intelekta tiesiskā regulējuma problemātika interešu konflikta risināšanā publiskajā sektorā;promocijas darba kopsavilkums studiju programmā tiesību zinātne;;Rīga;Biznesa augstskola Turība;Tiesību zinātne
2025;Labanauskas, Vytautas;Bērnu tiesību zināt savus bioloģiskos vecākus īstenošanas juridiskie jautājumi: Lietuvas gadījums starptautisko privāttiesību perspektīvā;doktora darba kopsavilkums studiju programmā: tiesību zinātne, par piešķiršanu doktora grādam tiesību zinātnē, apakšnozare: starptautiskās privātās tiesības;;Rīga;Biznesa augstskola Turība;Tiesību zinātne
2025;Iejavs, Jānis;Priedes (Pinus sylvestris L.) koksnes šūnveida materiāla īpašības un to uzlabošanas iespējas;promocijas darba kopsavilkums zinātnes doktora grāda zinātnes doktors (Ph.D.) inženierzinātnēs un tehnoloģijās iegūšanai;;Jelgava;Latvijas Biozinātņu un tehnoloģiju universitāte;Mežzinātne
2025;Mūrniece, Rūta;Rudzu iesala un plaucējuma raudzēšanas ietekme rudzu maizes ražošanā;promocijas darba kopsavilkums zinātnes doktora grāda (Ph.D.) iegūšanai;;Jelgava;Latvijas Biozinātņu un tehnoloģiju universitāte;Inženierzinātne
2025;Kovada, Vadims;Jaunu aspartilproteāžu inhibitoru iegūšana un sintēzes metožu izstrāde = Development of Novel Aspartyl Protease Inhibitors and Synthetic Methodologies;promocijas darba kopsavilkums zinātniskā doktora grāda (Ph.D.) iegūšanai ķīmijas nozarē, apakšnozare: organiskā ķīmija;9789934364990;Rīga;Latvijas Universitāte;Ķīmija
2025;Ansule, Ilze;Vecmātes profesionālā identitāte Gadamera hermeneitiskā perspektīvā;"promocijas darba kopsavilkums zinātnes doktora grāda ""zinātnes doktors (PhD)"", nozaru grupa - medicīnas un veselības zinātnes, nozare - veselības un sporta zinātnes, apakšnozare - veselības aprūpes zinātne";;Rīga;Rīgas Stradiņa universitāte;Medicīna
2025;Bogdanoviča, Irina;Peldēšanas veidu mācīšanas optimizācijas modelis bērniem ar saglabātiem primitīvajiem refleksiem 6-7 gadu vecumā;"promocijas darba kopsavilkums zinātnes doktora grāda ""zinātnes doktors (Ph.D.)"" iegūšanai, nozaru grupa – medicīnas un veselības zinātnes, nozare – veselības un sporta zinātnes, apakšnozare – sporta pedagoģija";;Rīga;Rīgas Stradiņa universitāte;Medicīna
2025;Tarasovs, Mihails;Sinoviālais iekaisums kā nozīmīga osteoartrīta pazīme: vīrusu proteīnu klātbūtne un saistība ar kognitīvās un garīgās veselības rādītājiem;"promocijas darba kopsavilkums zinātnes doktora grāda ""zinātnes doktors (Ph.D.)"" iegūšanai, nozaru grupa - medicīnas un veselības zinātnes, nozare - klīniskā medicīna, apakšnozare - internā medicīna";;Rīga;Rīgas Stradiņa universitāte;Medicīna
2025;Ābola, Iveta;Mutes dobuma veselības un tās modificējošo faktoru novērtējums: mutes dobuma mikrobioms, ģenētiskie marķieri un pacientu zināšanas pie fenilketonūrijas un 1. tipa cukura diabēta;"promocijas darba kopsavilkums zinātnes doktora grāda ""zinātnes doktors (Ph.D.)"" iegūšanai, nozaru grupa - medicīnas un veselības zinātnes, nozare - klīniskā medicīna, apakšnozare - stomatoloģija";;Rīga;Rīgas Stradiņa universitāte;Medicīna
2025;Kamiševa, Diāna;Patiesā labuma guvēja institūta būtība, tā starptautiskais regulējums un pilnveidošanas iespējas Eiropas Savienības un Latvijas tiesiskajā regulējumā;"promocijas darba kopsavilkums zinātnes doktora grāda ""zinātnes doktors (Ph.D.)"" iegūšanai, nozaru grupa - sociālās zinātnes, nozare - tiesību zinātne, apakšnozare - starptautiskās tiesības";;Rīga;Rīgas Stradiņa universitāte;Tiesību zinātne
2025;Šetlere, Signe;Neirofilamenta vieglā ķēde un metaboloms kā Šarko-Marī-Tūta slimības klīnisko izpausmju smaguma un progresijas biomarķieri;"promocijas darba kopsavilkums zinātnes doktora grāda ""zinātnes doktors (Ph.D.)"" iegūšanai, nozaru grupa - medicīnas un veselības zinātnes, nozare - klīniskā medicīna, apakšnozare - neiroloģija";;Rīga;Rīgas Stradiņa universitāte;Medicīna
2025;Lucāne, Zane;SARS-CoV-2 vakcinācija iedzimto imunitātes traucējumu pacientiem Latvijā: imūnās atbildes reakcija un iemesli atteikumam no rekomendētās vakcinācijas;"promocijas darba kopsavilkums zinātnes doktora grāda ""zinātnes doktors (Ph.D.)"" iegūšanai, nozaru grupa - medicīnas un veselības zinātnes, nozare - medicīnas bāzes zinātnes, tai skaitā farmācija, apakšnozare - imunoloģija";;Rīga;Rīgas Stradiņa universitāte;Medicīna
2025;Vrobļevska, Elīna;Krievijas ārpolitiskās identitātes idejas un to izpausme ārpolitikā 2012-2022;"promocijas darba kopsavilkums zinātnes doktora grāda ""zinātnes doktors (Ph.D.)"" iegūšanai, nozaru grupa - sociālās zinātnes, nozare - politikas zinātne, apakšnozare - politikas teorija";;Rīga;Rīgas Stradiņa universitāte;Politika
2025;Zemītis, Artūrs;Acs priekšējās kameras dziļuma, tilpuma un intraokulārā šķidruma metaboloma saistība ar lēcas cietību kataraktas pacientiem;"promocijas darba kopsavilkums zinātnes doktora grāda ""zinātnes doktors (Ph.D.)"" iegūšanai, nozaru grupa - medicīnas un veselības zinātnes, nozare - klīniskā medicīna, apakšnozare - oftalmoloģija";;Rīga;Rīgas Stradiņa universitāte;Medicīna
2025;Edelmers, Edgars;Automatizēta morfoloģisko struktūru noteikšana, segmentēšana un 3D modeļu rekonstrukcija no medicīniskiem attēliem, izmantojot mākslīgā intelekta dziļo neironu tīklu tehnoloģijas;"promocijas darba kopsavilkums zinātnes doktora grāda ""zinātnes doktors (Ph.D.)"" iegūšanai, nozaru grupa - medicīnas un veselības zinātnes, nozare - medicīnas bāzes zinātnes, tai skaitā farmācija, apakšnozare - anatomija";;Rīga;Rīgas Stradiņa universitāte;Medicīna
2025;Reinerte, Sanita;Development of an Innovative Method for the Analysis of Oxidative and Pyrolytic Decomposition Gaseous Products for the Characterization of Polyurethane Materials;summary of doctoral thesis submitted for the degree of doctor of science (Ph.D.) in natural sciences (in the field of chemistry), subfield of analytical chemistry;;Rīga;Latvijas Universitāte;Ķīmija
2025;Reinerte, Sanita;Inovatīvas oksidatīvās un pirolītiskās sadalīšanās gāzveida produktu analīzes metodes izstrāde poliuretāna materiālu raksturošanai;promocijas darba kopsavilkums zinātnes doktora grāda (Ph. D.) iegūšanai dabaszinātnēs ķīmijas nozarē, analītiskās ķīmijas apakšnozarē;;Rīga;Latvijas Universitāte;Ķīmija
